ISO3 Alpha-code,Year,darmani*
HTI,2020,12.7
CAF,2020,12.94
COM,2020,14.47
NGA,2020,14.97
SLE,2020,15.54
COD,2020,16.06
CMR,2020,16.29
LBR,2020,16.7
UGA,2020,16.98
TCD,2020,17.2
TKM,2020,17.73
BGD,2020,18.05
ARM,2020,19.25
MMR,2020,19.96
ERI,2020,20.68
TGO,2020,20.86
ZWE,2020,22.09
GNQ,2020,22.41
GIN,2020,23.99
FSM,2020,24.14
TJK,2020,26.31
KHM,2020,27.69
ETH,2020,28.23
NPL,2020,30.05
MOZ,2020,31.74
EGY,2020,31.93
LBN,2020,33.1
SEN,2020,33.42
BEN,2020,33.55
CIV,2020,34.1
SDN,2020,34.18
MLI,2020,34.36
AZE,2020,34.5
PAK,2020,35.59
CHE,2020,35.66
MWI,2020,36.26
GEO,2020,36.53
IND,2020,36.65
BDI,2020,36.98
MDG,2020,37.04
NER,2020,37.78
HND,2020,38.04
GTM,2020,38.28
ALB,2020,39.21
GRD,2020,39.31
RWA,2020,40.01
MRT,2020,40.21
AGO,2020,42.06
LCA,2020,42.2
LAO,2020,42.85
TZA,2020,42.85
COG,2020,43.17
BFA,2020,43.46
ZMB,2020,43.46
MAR,2020,43.53
VEN,2020,43.94
PHL,2020,44.63
BRA,2020,44.75
KGZ,2020,44.84
VNM,2020,45.11
LKA,2020,45.81
UZB,2020,46.16
TTO,2020,46.22
KEN,2020,47.4
MHL,2020,48.71
UKR,2020,49.29
NAM,2020,49.5
JOR,2020,49.7
GHA,2020,49.73
DJI,2020,50.12
STP,2020,50.67
KNA,2020,51.17
LSO,2020,51.7
BRB,2020,52.07
MUS,2020,52.19
GMB,2020,52.23
SGP,2020,52.41
MYS,2020,52.75
MEX,2020,52.88
SWZ,2020,52.89
IRN,2020,53.9
GRC,2020,53.97
PRY,2020,54.33
CHN,2020,54.72
IRQ,2020,54.83
IDN,2020,55.05
TLS,2020,55.28
GAB,2020,55.43
CHL,2020,56.4
USA,2020,56.77
TON,2020,57.1
BHR,2020,57.69
ECU,2020,58.63
TUN,2020,58.69
SLV,2020,59.22
BGR,2020,59.84
ATG,2020,60.22
MKD,2020,60.4
BHS,2020,60.55
PAN,2020,60.67
SRB,2020,60.96
KOR,2020,61.01
CPV,2020,61.53
NIC,2020,61.84
ZAF,2020,62.1
DMA,2020,62.28
MNE,2020,62.47
DZA,2020,62.59
ARE,2020,62.78
LVA,2020,63.44
MNG,2020,63.91
PRT,2020,64.45
SUR,2020,64.63
MDA,2020,64.82
DOM,2020,65.65
VUT,2020,65.7
KAZ,2020,66.16
ARG,2020,66.27
MLT,2020,66.69
VCT,2020,67.71
PER,2020,67.91
JAM,2020,68.0
PNG,2020,68.09
FJI,2020,68.52
LTU,2020,68.67
NLD,2020,68.8
BIH,2020,69.46
NIU,2020,69.79
AFG,2020,7.64
SSD,2020,7.93
THA,2020,70.36
RUS,2020,70.55
ISR,2020,70.83
BLR,2020,70.88
HUN,2020,71.1
URY,2020,71.76
CRI,2020,71.81
BLZ,2020,71.85
BOL,2020,71.89
POL,2020,71.89
WSM,2020,72.41
SVN,2020,72.57
COL,2020,72.66
GUY,2020,72.96
AND,2020,73.17
ESP,2020,73.26
PLW,2020,73.46
NRU,2020,74.54
BWA,2020,74.71
CAN,2020,74.97
AUS,2020,75.09
ITA,2020,76.08
AUT,2020,76.37
FRA,2020,76.72
EST,2020,77.07
NZL,2020,77.16
BTN,2020,78.01
CYP,2020,78.26
DEU,2020,78.44
IRL,2020,78.83
TUR,2020,78.85
QAT,2020,79.13
BEL,2020,79.17
KIR,2020,79.83
MDV,2020,79.99
GNB,2020,8.46
ROU,2020,80.08
SVK,2020,80.27
SLB,2020,81.25
FIN,2020,81.34
HRV,2020,81.88
ISL,2020,83.3
GBR,2020,83.7
TUV,2020,83.98
JPN,2020,84.24
SYC,2020,84.49
DNK,2020,84.86
NOR,2020,85.72
SWE,2020,85.91
MCO,2020,86.9
LUX,2020,87.31
CZE,2020,87.42
COK,2020,89.1
SMR,2020,89.36
KWT,2020,89.9
OMN,2020,90.25
CUB,2020,91.02
BRN,2020,94.04
CAF,2019,10.46
CMR,2019,11.14
HTI,2019,11.78
ARM,2019,12.41
SLE,2019,14.0
ZWE,2019,14.27
UGA,2019,15.12
TGO,2019,15.3
TCD,2019,15.6
NGA,2019,15.74
MMR,2019,15.76
COD,2019,15.82
COM,2019,16.07
LBR,2019,16.09
SSD,2019,16.46
ERI,2019,17.61
TKM,2019,17.76
BGD,2019,19.79
GNQ,2019,21.24
SDN,2019,21.63
GIN,2019,22.52
ETH,2019,22.6
MOZ,2019,23.14
BEN,2019,23.31
SEN,2019,23.53
KHM,2019,24.31
NPL,2019,24.81
TJK,2019,27.32
EGY,2019,28.2
FSM,2019,28.37
CIV,2019,29.05
AFG,2019,3.35
AZE,2019,31.38
CHE,2019,32.11
MDG,2019,32.34
MWI,2019,32.59
IND,2019,33.48
PAK,2019,33.55
MLI,2019,33.81
NER,2019,35.69
BDI,2019,36.57
LAO,2019,36.93
VEN,2019,37.14
MRT,2019,37.2
GTM,2019,38.43
HND,2019,39.33
RWA,2019,39.54
ZMB,2019,40.16
TZA,2019,40.49
MAR,2019,40.54
PHL,2019,40.6
VNM,2019,40.62
BRA,2019,40.74
GEO,2019,40.82
GHA,2019,40.82
LKA,2019,40.96
GMB,2019,41.18
AGO,2019,41.21
GRD,2019,41.39
UZB,2019,41.59
BFA,2019,41.81
ALB,2019,41.96
COG,2019,43.84
LSO,2019,43.98
UKR,2019,44.79
BRB,2019,44.83
LBN,2019,44.84
PLW,2019,45.16
STP,2019,45.4
MHL,2019,45.95
KEN,2019,45.98
TTO,2019,45.98
PRY,2019,46.35
MUS,2019,47.04
NAM,2019,47.31
LCA,2019,47.46
DJI,2019,48.26
GRC,2019,48.76
IDN,2019,48.94
MEX,2019,49.17
KNA,2019,49.26
IRQ,2019,49.37
IRN,2019,49.5
SWZ,2019,50.72
CHL,2019,50.92
JOR,2019,51.09
KGZ,2019,51.42
TUN,2019,51.52
USA,2019,51.54
SGP,2019,51.71
ARE,2019,52.13
BHS,2019,52.17
MYS,2019,52.33
CYP,2019,55.2
SLV,2019,55.42
CHN,2019,55.98
BHR,2019,57.1
VUT,2019,57.46
TLS,2019,57.68
PAN,2019,57.69
PNG,2019,58.33
SRB,2019,58.34
ATG,2019,58.44
ZAF,2019,58.44
BGR,2019,59.16
MNG,2019,59.37
GUY,2019,59.45
KOR,2019,59.53
MDA,2019,59.67
LVA,2019,59.86
KAZ,2019,59.94
GNB,2019,6.4
MKD,2019,60.25
GAB,2019,60.31
PRT,2019,60.78
MNE,2019,60.84
TON,2019,60.93
DOM,2019,61.14
RUS,2019,61.15
NIC,2019,61.57
ECU,2019,61.77
MLT,2019,62.51
PER,2019,62.89
ARG,2019,63.97
CPV,2019,64.08
DMA,2019,64.46
ISR,2019,64.66
DZA,2019,65.05
LTU,2019,65.09
JAM,2019,65.25
FJI,2019,65.39
NLD,2019,65.9
VCT,2019,66.41
URY,2019,66.6
BLZ,2019,67.34
HUN,2019,68.31
BIH,2019,68.72
CAN,2019,69.78
BLR,2019,70.38
ESP,2019,70.61
BOL,2019,71.09
COL,2019,71.13
POL,2019,71.38
BWA,2019,71.43
AND,2019,71.65
THA,2019,72.17
SVN,2019,72.37
NIU,2019,72.51
CRI,2019,72.54
SYC,2019,72.71
SUR,2019,72.84
BTN,2019,73.57
ITA,2019,73.74
AUS,2019,73.8
EST,2019,74.39
IRL,2019,74.63
TUV,2019,74.88
AUT,2019,74.91
FRA,2019,75.16
SLB,2019,75.31
NZL,2019,75.55
BEL,2019,76.0
WSM,2019,76.83
DEU,2019,77.16
QAT,2019,77.47
TUR,2019,77.69
MDV,2019,78.34
SVK,2019,78.82
ROU,2019,80.14
FIN,2019,80.19
GBR,2019,80.23
HRV,2019,81.54
KIR,2019,82.3
ISL,2019,82.8
DNK,2019,83.71
JPN,2019,83.88
CZE,2019,84.67
MCO,2019,85.02
SWE,2019,85.12
NOR,2019,85.72
LUX,2019,85.87
OMN,2019,87.55
KWT,2019,88.15
SMR,2019,88.43
CUB,2019,89.02
NRU,2019,89.54
COK,2019,91.16
BRN,2019,94.41
SSD,2018,10.92
ARM,2018,12.34
HTI,2018,12.97
TCD,2018,14.23
MMR,2018,14.83
COD,2018,15.08
COM,2018,15.61
ERI,2018,15.61
NGA,2018,16.1
GIN,2018,16.51
UGA,2018,16.77
TGO,2018,16.98
LBR,2018,17.13
TKM,2018,17.6
BEN,2018,19.75
GNQ,2018,20.12
BGD,2018,20.97
MOZ,2018,22.34
ETH,2018,23.2
SDN,2018,23.28
NPL,2018,23.57
MWI,2018,24.44
SEN,2018,25.25
AZE,2018,26.11
FSM,2018,26.31
KHM,2018,26.89
TJK,2018,27.05
EGY,2018,28.47
CIV,2018,29.07
BDI,2018,29.23
AFG,2018,3.89
MLI,2018,30.84
CHE,2018,31.22
GMB,2018,31.98
PAK,2018,33.28
NER,2018,33.31
ZWE,2018,34.14
IND,2018,34.29
RWA,2018,34.96
MDG,2018,35.21
COG,2018,35.32
GTM,2018,36.01
TZA,2018,37.56
UZB,2018,38.17
LAO,2018,38.7
PHL,2018,38.86
MRT,2018,39.19
ZMB,2018,39.29
HND,2018,39.41
GHA,2018,39.43
GEO,2018,39.46
MAR,2018,40.19
GRD,2018,40.69
BRA,2018,41.09
VNM,2018,41.63
CYP,2018,42.03
ALB,2018,42.39
BFA,2018,42.51
AGO,2018,42.64
KEN,2018,43.11
MUS,2018,43.94
LCA,2018,44.76
BRB,2018,44.78
PRY,2018,44.92
LKA,2018,45.69
IRN,2018,45.93
KNA,2018,45.96
LBN,2018,46.24
UKR,2018,46.42
NAM,2018,46.53
LSO,2018,47.78
STP,2018,47.93
IRQ,2018,48.13
MHL,2018,48.14
SWZ,2018,48.27
KGZ,2018,48.39
TTO,2018,48.44
IDN,2018,48.68
JOR,2018,48.87
DJI,2018,49.41
MEX,2018,49.63
BHS,2018,49.97
SGP,2018,50.01
CHL,2018,50.82
MYS,2018,51.26
USA,2018,51.3
VEN,2018,51.54
ARE,2018,51.58
GRC,2018,52.16
TUN,2018,52.56
SLV,2018,54.61
CHN,2018,56.42
MDA,2018,56.53
ZAF,2018,57.24
BGR,2018,57.64
PAN,2018,58.0
MNG,2018,58.17
MKD,2018,58.19
BHR,2018,58.21
KOR,2018,58.46
PLW,2018,58.5
GAB,2018,58.6
SRB,2018,59.37
RUS,2018,59.46
MNE,2018,59.55
LVA,2018,59.72
CAF,2018,6.26
ATG,2018,60.07
GUY,2018,60.17
KAZ,2018,60.84
NIC,2018,60.92
PRT,2018,61.16
DOM,2018,61.21
PER,2018,61.5
TLS,2018,61.74
CPV,2018,61.88
ECU,2018,62.68
ARG,2018,62.77
MLT,2018,63.48
VUT,2018,64.52
ISR,2018,64.66
JAM,2018,65.16
NLD,2018,65.73
DZA,2018,65.85
LTU,2018,65.99
DMA,2018,66.4
NIU,2018,66.63
TON,2018,66.63
VCT,2018,67.66
SUR,2018,68.23
BWA,2018,68.58
BLZ,2018,68.63
FJI,2018,69.04
URY,2018,69.12
HUN,2018,69.2
CAN,2018,69.86
BIH,2018,69.87
GNB,2018,7.26
ESP,2018,70.22
SAU,2018,70.3
PNG,2018,70.41
BLR,2018,70.56
THA,2018,70.87
AND,2018,70.96
POL,2018,71.09
AUS,2018,71.51
COL,2018,71.61
CRI,2018,72.39
SVN,2018,72.41
BOL,2018,72.65
EST,2018,73.59
SYC,2018,73.81
ITA,2018,73.86
IRL,2018,74.13
KIR,2018,74.4
AUT,2018,74.48
NZL,2018,74.83
FRA,2018,75.78
QAT,2018,77.08
BEL,2018,77.25
DEU,2018,77.25
MDV,2018,77.28
TUR,2018,77.38
WSM,2018,77.57
SLB,2018,78.51
FIN,2018,78.56
SVK,2018,79.21
BTN,2018,79.55
ROU,2018,79.69
GBR,2018,80.1
ISL,2018,82.38
TUV,2018,82.76
HRV,2018,83.21
DNK,2018,83.75
JPN,2018,83.77
CZE,2018,84.54
SWE,2018,84.78
LUX,2018,84.92
NOR,2018,85.7
MCO,2018,85.71
OMN,2018,86.43
COK,2018,87.51
NRU,2018,88.08
KWT,2018,88.23
SMR,2018,88.54
CUB,2018,88.74
SLE,2018,9.27
CMR,2018,9.71
BRN,2018,95.14
CAF,2017,10.93
HTI,2017,12.18
COM,2017,12.83
ARM,2017,13.24
LBR,2017,13.94
NGA,2017,14.21
MMR,2017,14.79
TCD,2017,15.28
GIN,2017,15.34
UGA,2017,15.97
TGO,2017,16.35
SDN,2017,17.41
GNQ,2017,19.96
BGD,2017,21.23
TKM,2017,21.32
MOZ,2017,22.24
NPL,2017,22.56
MWI,2017,22.67
SEN,2017,24.27
ETH,2017,24.94
ZWE,2017,25.12
FSM,2017,25.86
KHM,2017,26.52
AZE,2017,26.82
ERI,2017,27.02
CIV,2017,28.72
TJK,2017,29.0
BDI,2017,29.05
EGY,2017,30.97
BEN,2017,31.27
CHE,2017,31.56
GMB,2017,31.63
MLI,2017,32.05
GHA,2017,32.37
IND,2017,32.95
NER,2017,33.81
PAK,2017,34.0
RWA,2017,34.88
LAO,2017,35.19
GTM,2017,35.84
MRT,2017,37.14
GEO,2017,37.21
PHL,2017,37.44
KGZ,2017,37.95
COG,2017,38.37
TZA,2017,38.65
MAR,2017,39.71
CMR,2017,4.16
GRD,2017,40.54
ZMB,2017,40.66
HND,2017,40.73
ALB,2017,40.87
LKA,2017,41.01
CYP,2017,41.47
UZB,2017,41.5
KNA,2017,41.57
BRA,2017,41.74
IRQ,2017,41.86
KEN,2017,42.94
MHL,2017,43.13
BFA,2017,43.3
LCA,2017,43.73
MUS,2017,44.05
JOR,2017,44.8
BRB,2017,45.35
PRY,2017,45.8
STP,2017,46.03
VNM,2017,46.11
AGO,2017,46.28
MDG,2017,46.37
DJI,2017,46.43
LBN,2017,46.47
IDN,2017,46.48
NAM,2017,46.5
IRN,2017,46.52
UKR,2017,47.21
SGP,2017,48.27
AFG,2017,5.1
CHL,2017,50.4
MEX,2017,50.54
MDA,2017,50.61
PLW,2017,50.62
SWZ,2017,50.75
USA,2017,51.06
MYS,2017,51.75
GRC,2017,52.16
TTO,2017,52.29
VUT,2017,53.25
TUN,2017,54.15
SLV,2017,54.41
LSO,2017,54.53
ARE,2017,54.81
BGR,2017,54.93
BHS,2017,55.37
BHR,2017,56.15
ATG,2017,56.16
CHN,2017,56.67
RUS,2017,57.09
LVA,2017,57.17
ZAF,2017,57.23
MNE,2017,57.39
SRB,2017,57.48
KOR,2017,57.91
SUR,2017,58.23
NIC,2017,58.33
MKD,2017,58.34
DOM,2017,59.69
TON,2017,59.86
PRT,2017,61.14
ECU,2017,61.18
PAN,2017,61.6
VEN,2017,61.74
KAZ,2017,62.01
PER,2017,62.17
CPV,2017,62.28
MNG,2017,62.44
MLT,2017,62.9
ARG,2017,63.2
GAB,2017,63.29
NIU,2017,63.83
VCT,2017,63.84
ISR,2017,63.88
NLD,2017,64.32
GUY,2017,64.64
LTU,2017,65.16
DZA,2017,65.95
TLS,2017,65.99
JAM,2017,66.12
FJI,2017,66.23
TUV,2017,67.36
HUN,2017,68.44
BOL,2017,68.53
BLZ,2017,68.75
POL,2017,68.82
DMA,2017,69.01
BLR,2017,69.11
URY,2017,69.3
CAN,2017,69.73
GNB,2017,7.12
BIH,2017,70.13
ESP,2017,70.51
COL,2017,71.04
MDV,2017,71.24
AUS,2017,71.27
SVN,2017,71.8
SAU,2017,71.85
THA,2017,72.04
AND,2017,72.29
IRL,2017,72.98
SYC,2017,73.04
NRU,2017,73.37
EST,2017,73.49
CRI,2017,73.51
ITA,2017,73.74
AUT,2017,73.82
BTN,2017,74.52
SLB,2017,74.59
PNG,2017,75.41
NZL,2017,75.46
BWA,2017,75.66
KIR,2017,75.67
FRA,2017,75.72
WSM,2017,76.34
BEL,2017,77.2
DEU,2017,77.58
TUR,2017,77.71
FIN,2017,78.01
ROU,2017,78.59
QAT,2017,78.95
SVK,2017,79.04
SSD,2017,8.44
GBR,2017,80.37
ISL,2017,81.86
HRV,2017,82.85
DNK,2017,83.96
CZE,2017,84.04
JPN,2017,84.21
COK,2017,84.67
SWE,2017,84.71
LUX,2017,84.78
NOR,2017,85.12
KWT,2017,85.71
MCO,2017,85.82
SMR,2017,87.3
OMN,2017,89.2
CUB,2017,89.22
SLE,2017,9.05
COD,2017,9.95
BRN,2017,94.59
CMR,2016,10.18
CAF,2016,11.01
HTI,2016,11.02
SLE,2016,11.17
GIN,2016,12.3
COM,2016,12.34
COD,2016,12.63
NGA,2016,13.02
MMR,2016,13.99
LBR,2016,14.13
TGO,2016,14.88
UGA,2016,15.68
TCD,2016,16.28
ARM,2016,16.45
NPL,2016,18.58
TKM,2016,18.58
BGD,2016,19.9
ERI,2016,20.84
ZWE,2016,21.19
IRQ,2016,21.8
KHM,2016,21.81
GNQ,2016,22.09
BEN,2016,23.27
SDN,2016,23.52
MOZ,2016,23.93
NER,2016,24.29
MWI,2016,24.73
ETH,2016,25.0
SEN,2016,25.09
CIV,2016,25.69
FSM,2016,26.5
IND,2016,26.84
PAK,2016,27.47
TJK,2016,28.57
AZE,2016,28.82
EGY,2016,30.87
CHE,2016,31.0
MLI,2016,32.03
RWA,2016,32.09
LAO,2016,32.4
BDI,2016,32.71
GEO,2016,36.64
PHL,2016,37.26
GTM,2016,37.69
ZMB,2016,38.29
GHA,2016,38.36
MRT,2016,38.73
KGZ,2016,38.94
MAR,2016,39.38
GRD,2016,39.78
LCA,2016,39.96
BFA,2016,40.08
HND,2016,40.12
KNA,2016,40.14
STP,2016,40.31
GMB,2016,40.37
TZA,2016,40.62
SWZ,2016,41.73
CYP,2016,42.03
ALB,2016,42.06
KEN,2016,42.81
BRA,2016,43.06
LKA,2016,43.12
COG,2016,43.16
UZB,2016,43.59
MUS,2016,44.11
AGO,2016,44.14
MHL,2016,44.17
MDG,2016,45.12
VUT,2016,45.3
IDN,2016,45.53
IRN,2016,45.9
LBN,2016,46.34
NAM,2016,46.9
BRB,2016,47.16
PRY,2016,47.16
VEN,2016,47.28
SGP,2016,47.34
VNM,2016,47.43
UKR,2016,48.23
DJI,2016,48.48
JOR,2016,48.52
BHS,2016,48.68
MDA,2016,48.79
TLS,2016,49.64
CHL,2016,49.65
AFG,2016,5.08
GNB,2016,5.82
TTO,2016,50.12
MYS,2016,51.03
USA,2016,51.14
MEX,2016,51.28
GRC,2016,51.4
PLW,2016,52.28
TUN,2016,54.9
BGR,2016,55.13
SLV,2016,55.62
ATG,2016,55.85
LVA,2016,55.85
ZAF,2016,56.6
RUS,2016,56.95
KOR,2016,57.52
SRB,2016,57.58
NIC,2016,57.79
CHN,2016,58.1
DOM,2016,58.22
LSO,2016,58.41
MNG,2016,58.88
KAZ,2016,59.62
MNE,2016,60.12
ECU,2016,60.66
PAN,2016,61.06
BHR,2016,61.37
PRT,2016,61.57
PER,2016,61.66
SUR,2016,61.91
TON,2016,61.99
ARG,2016,62.11
VCT,2016,62.54
GUY,2016,63.01
MLT,2016,63.03
ISR,2016,63.32
CPV,2016,63.56
JAM,2016,63.59
MKD,2016,63.65
FJI,2016,63.9
GAB,2016,64.7
BOL,2016,64.82
DMA,2016,65.01
NLD,2016,65.48
LTU,2016,65.76
BWA,2016,66.52
DZA,2016,67.69
HUN,2016,67.71
POL,2016,68.81
BLZ,2016,68.9
SYC,2016,69.15
URY,2016,69.53
CAN,2016,69.68
SAU,2016,69.78
NIU,2016,69.81
COL,2016,70.33
BIH,2016,70.9
BLR,2016,70.94
AUS,2016,71.1
ESP,2016,71.55
SLB,2016,71.64
PNG,2016,72.0
MDV,2016,72.06
ARE,2016,72.13
SVN,2016,72.29
AND,2016,72.36
AUT,2016,72.36
THA,2016,72.39
IRL,2016,72.72
CRI,2016,73.32
BTN,2016,73.95
ITA,2016,74.4
EST,2016,74.41
NZL,2016,74.55
FRA,2016,75.01
TUV,2016,75.32
BEL,2016,77.14
DEU,2016,77.29
FIN,2016,77.83
ROU,2016,78.18
TUR,2016,78.44
WSM,2016,78.73
SVK,2016,79.96
GBR,2016,80.87
ISL,2016,81.51
CZE,2016,81.88
QAT,2016,82.71
HRV,2016,82.76
COK,2016,82.89
JPN,2016,84.04
DNK,2016,84.18
SWE,2016,84.26
LUX,2016,84.44
KWT,2016,85.32
NOR,2016,85.38
MCO,2016,85.53
SMR,2016,87.28
KIR,2016,88.13
CUB,2016,89.61
NRU,2016,89.81
OMN,2016,89.87
BRN,2016,95.02
CMR,2015,10.12
COM,2015,10.13
YEM,2015,10.18
HTI,2015,11.05
LBR,2015,11.35
UGA,2015,15.15
ARM,2015,15.91
NGA,2015,16.45
ERI,2015,16.63
NPL,2015,16.63
COD,2015,16.68
BGD,2015,17.1
GNQ,2015,19.02
TGO,2015,19.03
NER,2015,20.79
ZWE,2015,20.82
TCD,2015,21.26
KHM,2015,21.71
BEN,2015,21.85
MMR,2015,21.99
MLI,2015,22.36
IRQ,2015,23.24
TKM,2015,23.95
SEN,2015,24.63
CIV,2015,24.98
ETH,2015,25.25
IND,2015,25.64
FSM,2015,25.79
MOZ,2015,27.03
PAK,2015,27.65
BFA,2015,28.38
MWI,2015,28.65
TJK,2015,29.61
SDN,2015,31.14
EGY,2015,31.24
GMB,2015,31.43
STP,2015,31.62
RWA,2015,31.64
AZE,2015,31.72
CHE,2015,31.82
PLW,2015,34.45
TZA,2015,34.45
VEN,2015,34.47
GHA,2015,35.08
LAO,2015,35.21
GEO,2015,35.57
PHL,2015,37.67
KNA,2015,37.83
GTM,2015,37.93
KGZ,2015,37.93
BDI,2015,38.47
MRT,2015,38.62
MAR,2015,38.83
HND,2015,39.39
IDN,2015,39.6
MDG,2015,40.02
KEN,2015,40.38
GRD,2015,41.64
MUS,2015,41.68
SWZ,2015,41.76
VNM,2015,41.81
CYP,2015,42.05
ALB,2015,42.13
NAM,2015,42.21
MHL,2015,42.23
BRA,2015,43.26
LCA,2015,43.47
LKA,2015,43.96
BHS,2015,44.38
LBN,2015,44.78
COG,2015,45.54
MDA,2015,45.54
SGP,2015,47.08
ZMB,2015,47.14
PRY,2015,47.17
BRB,2015,47.24
UKR,2015,47.34
AGO,2015,47.37
CHL,2015,48.02
VUT,2015,48.57
UZB,2015,49.78
AFG,2015,5.17
DOM,2015,50.15
IRN,2015,50.86
USA,2015,51.37
TTO,2015,51.48
MEX,2015,52.2
MYS,2015,53.2
JOR,2015,53.54
TUN,2015,53.99
SUR,2015,54.48
SLV,2015,54.91
DJI,2015,55.05
BGR,2015,55.9
NIC,2015,56.08
MNG,2015,56.93
ZAF,2015,57.08
KOR,2015,57.36
TLS,2015,57.44
ECU,2015,57.57
GRC,2015,57.67
SRB,2015,57.68
GUY,2015,58.59
LVA,2015,58.68
RUS,2015,58.72
GAB,2015,58.91
LSO,2015,59.3
ATG,2015,59.79
MNE,2015,59.81
GNB,2015,6.61
CHN,2015,60.18
NRU,2015,60.23
PAN,2015,60.77
BLR,2015,60.78
MLT,2015,60.83
PER,2015,60.88
VCT,2015,61.38
PRT,2015,61.67
TON,2015,61.81
DMA,2015,63.04
FJI,2015,63.12
KAZ,2015,63.14
JAM,2015,63.27
ISR,2015,63.42
MKD,2015,64.95
BHR,2015,65.02
NIU,2015,65.4
BOL,2015,65.74
CPV,2015,65.81
NLD,2015,66.05
LTU,2015,66.09
ARG,2015,66.71
BWA,2015,67.76
HUN,2015,67.79
BLZ,2015,68.06
URY,2015,68.4
SAU,2015,68.47
SLB,2015,69.03
BIH,2015,69.22
POL,2015,69.33
GIN,2015,7.39
DZA,2015,70.46
CAN,2015,70.66
SYC,2015,70.71
COL,2015,70.83
AUS,2015,71.04
ARE,2015,71.25
ESP,2015,71.32
SVN,2015,71.35
THA,2015,71.35
MDV,2015,71.81
IRL,2015,72.01
FRA,2015,72.27
AND,2015,72.37
AUT,2015,72.46
CRI,2015,72.71
BTN,2015,74.25
EST,2015,74.43
ITA,2015,74.44
NZL,2015,74.69
TUV,2015,74.97
PNG,2015,75.75
BEL,2015,76.69
DEU,2015,76.96
ROU,2015,77.94
TUR,2015,78.13
FIN,2015,78.56
SVK,2015,78.74
WSM,2015,79.11
SLE,2015,8.04
GBR,2015,80.38
ISL,2015,80.81
MCO,2015,80.88
CZE,2015,82.23
HRV,2015,83.1
SWE,2015,83.96
JPN,2015,84.08
DNK,2015,84.26
LUX,2015,84.51
KWT,2015,84.86
COK,2015,85.1
KIR,2015,85.22
NOR,2015,85.51
SMR,2015,85.98
QAT,2015,86.63
CAF,2015,9.05
OMN,2015,90.22
CUB,2015,90.33
BRN,2015,95.03
HTI,2014,10.36
COM,2014,10.59
ERI,2014,12.67
GIN,2014,12.77
NGA,2014,13.32
COD,2014,13.84
ARM,2014,14.79
CMR,2014,15.57
CAF,2014,15.57
VUT,2014,16.11
YEM,2014,16.18
NPL,2014,17.21
ETH,2014,17.72
UGA,2014,17.82
KHM,2014,18.5
BGD,2014,18.52
MLI,2014,19.9
TGO,2014,20.35
CIV,2014,20.84
GNQ,2014,21.48
BEN,2014,21.57
MWI,2014,22.73
IND,2014,23.66
MMR,2014,24.18
PAK,2014,24.41
SEN,2014,24.6
SDN,2014,25.27
TKM,2014,26.96
MOZ,2014,27.49
GEO,2014,27.6
FSM,2014,28.49
TCD,2014,28.54
NER,2014,28.68
EGY,2014,29.54
LAO,2014,29.75
TZA,2014,29.87
TJK,2014,31.17
RWA,2014,31.4
CHE,2014,32.1
BFA,2014,32.54
AZE,2014,33.4
IDN,2014,33.49
ZWE,2014,33.58
PHL,2014,34.11
GHA,2014,35.08
STP,2014,35.14
GMB,2014,35.79
MRT,2014,36.12
PLW,2014,36.53
IRQ,2014,37.1
KGZ,2014,37.36
KEN,2014,37.41
SWZ,2014,37.76
GTM,2014,38.01
BDI,2014,38.65
MAR,2014,38.73
MDG,2014,39.48
AFG,2014,4.96
LCA,2014,40.13
ALB,2014,40.26
HND,2014,40.34
KNA,2014,40.92
SUR,2014,41.5
VNM,2014,41.96
CYP,2014,42.52
GRD,2014,43.85
BRA,2014,44.05
MHL,2014,44.54
LKA,2014,44.73
BHS,2014,44.98
SGP,2014,45.04
MUS,2014,45.07
VEN,2014,45.27
NAM,2014,46.18
BRB,2014,46.95
LBN,2014,47.48
PRY,2014,47.71
CHL,2014,47.74
COG,2014,47.99
UKR,2014,48.0
MDA,2014,49.35
ZMB,2014,49.46
GNB,2014,5.98
TTO,2014,50.27
IRN,2014,50.37
USA,2014,50.81
DOM,2014,51.29
MEX,2014,52.08
NIC,2014,52.13
UZB,2014,52.2
AGO,2014,54.15
TLS,2014,54.27
LSO,2014,54.3
SLV,2014,54.51
MYS,2014,54.74
GUY,2014,55.1
ZAF,2014,55.56
GRC,2014,56.87
CPV,2014,57.13
MNG,2014,57.15
KOR,2014,57.32
TON,2014,57.73
TUN,2014,58.13
BGR,2014,58.24
SRB,2014,58.26
CHN,2014,58.42
ATG,2014,59.16
JAM,2014,59.26
DJI,2014,59.48
PER,2014,59.55
LVA,2014,59.67
GAB,2014,59.88
SLE,2014,6.78
SLB,2014,60.49
VCT,2014,60.65
MNE,2014,60.7
DMA,2014,61.03
ECU,2014,61.19
PAN,2014,61.25
FJI,2014,61.33
MLT,2014,61.61
PRT,2014,61.74
PNG,2014,61.77
RUS,2014,61.79
MDV,2014,61.97
BLR,2014,62.6
BOL,2014,62.62
BLZ,2014,62.84
ISR,2014,63.13
MKD,2014,63.89
NIU,2014,64.0
JOR,2014,64.48
BHR,2014,64.98
ARG,2014,65.42
LTU,2014,66.57
HUN,2014,66.72
NLD,2014,67.83
BWA,2014,67.86
URY,2014,68.12
BTN,2014,69.01
SYC,2014,69.42
POL,2014,69.94
AUS,2014,70.16
ESP,2014,70.26
FRA,2014,70.33
BIH,2014,70.37
COL,2014,70.4
SVN,2014,70.52
WSM,2014,70.58
CAN,2014,70.59
ARE,2014,70.98
IRL,2014,71.01
CRI,2014,71.02
AND,2014,71.27
SAU,2014,71.37
KAZ,2014,71.72
DZA,2014,72.01
AUT,2014,72.52
NRU,2014,73.54
EST,2014,74.52
ITA,2014,75.42
THA,2014,75.68
BEL,2014,76.37
DEU,2014,77.02
NZL,2014,77.43
TUR,2014,77.61
ROU,2014,78.88
SVK,2014,79.33
FIN,2014,79.56
LBR,2014,8.97
GBR,2014,80.45
ISL,2014,80.49
MCO,2014,81.0
TUV,2014,82.22
CZE,2014,82.57
KIR,2014,82.83
SWE,2014,84.03
HRV,2014,84.04
JPN,2014,84.12
LUX,2014,84.26
DNK,2014,84.44
KWT,2014,84.59
COK,2014,85.17
NOR,2014,85.29
QAT,2014,86.74
SMR,2014,87.57
OMN,2014,89.94
CUB,2014,90.25
BRN,2014,92.67
HTI,2013,11.58
COM,2013,12.93
CMR,2013,13.23
ARM,2013,13.33
COD,2013,13.97
GIN,2013,14.12
NGA,2013,14.3
ERI,2013,15.57
NPL,2013,16.34
SDN,2013,16.54
UGA,2013,16.85
MWI,2013,18.02
BDI,2013,18.05
MMR,2013,18.87
BGD,2013,19.05
CIV,2013,19.58
YEM,2013,19.75
KHM,2013,19.98
TGO,2013,20.07
MLI,2013,20.58
CAF,2013,20.62
GNQ,2013,22.78
FSM,2013,22.86
IND,2013,23.07
GEO,2013,23.56
MOZ,2013,24.79
TZA,2013,25.51
PHL,2013,26.21
PAK,2013,26.52
SEN,2013,26.69
BEN,2013,26.75
ETH,2013,26.99
GMB,2013,27.69
ZMB,2013,27.92
TCD,2013,28.25
ZWE,2013,28.38
IDN,2013,28.47
TKM,2013,28.54
BFA,2013,28.98
TJK,2013,29.09
EGY,2013,29.26
LAO,2013,29.7
NER,2013,30.01
RWA,2013,32.07
CHE,2013,32.79
STP,2013,33.54
KEN,2013,33.68
MDG,2013,34.88
AZE,2013,35.01
MRT,2013,37.76
KNA,2013,38.05
GTM,2013,38.37
PLW,2013,38.46
IRN,2013,38.49
VEN,2013,38.54
LBR,2013,4.13
LCA,2013,40.23
GHA,2013,40.46
GRD,2013,40.49
IRQ,2013,40.66
ALB,2013,41.1
HND,2013,41.21
SGP,2013,41.7
MUS,2013,41.8
UZB,2013,41.99
SUR,2013,42.11
PRY,2013,43.74
LBN,2013,44.15
MAR,2013,44.28
BRA,2013,44.52
SWZ,2013,44.59
LKA,2013,45.42
CYP,2013,45.56
BHS,2013,45.66
NAM,2013,46.13
MDA,2013,46.7
VNM,2013,47.11
CHL,2013,47.65
UKR,2013,48.1
COG,2013,48.19
KGZ,2013,48.21
LSO,2013,48.92
MHL,2013,49.29
USA,2013,49.52
GUY,2013,49.66
AFG,2013,5.03
NIC,2013,50.65
BRB,2013,50.78
VUT,2013,51.12
ZAF,2013,51.15
TTO,2013,51.51
TLS,2013,52.1
SLV,2013,52.62
MDV,2013,52.72
MEX,2013,53.75
MYS,2013,53.91
NRU,2013,54.32
PER,2013,55.85
MNG,2013,55.87
ATG,2013,56.08
ECU,2013,56.24
DOM,2013,56.51
BGR,2013,56.56
CHN,2013,57.05
CPV,2013,57.77
MNE,2013,57.81
KOR,2013,57.84
FJI,2013,58.48
BOL,2013,58.52
TUN,2013,59.09
SRB,2013,59.86
JAM,2013,59.99
SLE,2013,6.97
LVA,2013,60.01
SLB,2013,60.57
DMA,2013,61.36
GRC,2013,61.39
JOR,2013,61.55
DJI,2013,61.89
AGO,2013,62.03
PRT,2013,62.29
RUS,2013,62.38
PAN,2013,62.53
BLR,2013,62.66
VCT,2013,63.07
ISR,2013,63.42
ARG,2013,63.6
BWA,2013,63.93
GAB,2013,64.17
WSM,2013,64.78
BHR,2013,65.18
LTU,2013,65.59
MKD,2013,65.65
HUN,2013,66.21
PNG,2013,66.21
URY,2013,66.44
BLZ,2013,66.67
MLT,2013,67.56
AUS,2013,67.73
BTN,2013,68.88
TUV,2013,68.97
NLD,2013,69.01
KAZ,2013,69.36
SAU,2013,69.59
BIH,2013,69.71
TON,2013,69.84
COL,2013,69.86
GNB,2013,7.84
AND,2013,70.3
FRA,2013,70.3
POL,2013,70.3
SVN,2013,70.3
IRL,2013,70.59
CAN,2013,70.74
CRI,2013,71.0
ESP,2013,71.01
DZA,2013,71.05
SYC,2013,71.08
NIU,2013,71.92
ARE,2013,71.97
AUT,2013,72.17
SVK,2013,73.31
EST,2013,75.46
ITA,2013,75.76
THA,2013,75.95
BEL,2013,76.19
DEU,2013,76.42
NZL,2013,77.64
TUR,2013,78.35
ROU,2013,78.95
FIN,2013,79.46
ISL,2013,80.23
GBR,2013,80.41
MCO,2013,81.12
KIR,2013,82.2
CZE,2013,83.41
LUX,2013,83.86
KWT,2013,83.97
SWE,2013,84.02
QAT,2013,84.17
JPN,2013,84.26
COK,2013,84.36
DNK,2013,84.46
NOR,2013,85.02
HRV,2013,85.05
OMN,2013,87.55
CUB,2013,87.61
SMR,2013,88.57
BRN,2013,90.59
MLI,2012,11.02
GIN,2012,14.68
UGA,2012,15.14
COM,2012,15.37
MWI,2012,15.88
CAF,2012,15.89
COD,2012,16.13
NGA,2012,16.2
CMR,2012,16.28
CIV,2012,16.85
MMR,2012,17.22
ARM,2012,17.28
NPL,2012,17.52
KHM,2012,19.37
GEO,2012,19.44
BGD,2012,19.95
FSM,2012,20.96
ERI,2012,20.98
LAO,2012,21.03
BEN,2012,21.87
BFA,2012,23.13
TZA,2012,23.43
ETH,2012,23.5
YEM,2012,23.89
MOZ,2012,24.04
NER,2012,24.14
TCD,2012,24.55
TGO,2012,25.14
RWA,2012,25.36
SDN,2012,26.25
PHL,2012,26.29
IDN,2012,26.33
TKM,2012,26.73
TJK,2012,26.88
PAK,2012,27.87
IND,2012,27.99
GMB,2012,28.26
SEN,2012,28.57
EGY,2012,28.71
ZWE,2012,28.89
BDI,2012,31.31
KEN,2012,32.41
STP,2012,32.58
ZMB,2012,33.02
GTM,2012,33.36
CHE,2012,33.74
MRT,2012,33.89
IRN,2012,34.31
PLW,2012,37.1
IRQ,2012,37.5
AZE,2012,37.56
MDG,2012,38.97
HND,2012,39.08
KNA,2012,39.17
SGP,2012,39.3
AFG,2012,4.34
ALB,2012,40.3
LCA,2012,40.58
GRD,2012,41.0
SUR,2012,41.0
GNQ,2012,41.49
NAM,2012,41.77
VNM,2012,41.91
UZB,2012,42.11
LKA,2012,42.22
COG,2012,42.88
MAR,2012,43.21
BRA,2012,43.36
LBN,2012,43.5
BHS,2012,43.52
SWZ,2012,43.65
VEN,2012,44.27
MUS,2012,44.44
SYR,2012,45.29
NRU,2012,45.5
CYP,2012,45.92
MHL,2012,46.36
PRY,2012,46.44
CHL,2012,47.94
GUY,2012,48.46
MDV,2012,48.53
MDA,2012,48.53
TTO,2012,48.8
USA,2012,48.84
GHA,2012,49.2
KGZ,2012,49.6
NIC,2012,50.07
BGR,2012,50.8
ECU,2012,50.84
ZAF,2012,51.73
SLV,2012,51.76
LSO,2012,52.31
PER,2012,52.49
UKR,2012,52.56
TON,2012,52.66
MEX,2012,53.08
MYS,2012,53.93
DOM,2012,54.74
BRB,2012,55.33
CHN,2012,55.74
ATG,2012,56.3
JAM,2012,56.96
TUN,2012,56.96
BOL,2012,57.03
DJI,2012,57.28
KOR,2012,57.67
VUT,2012,58.44
FJI,2012,58.61
TLS,2012,59.32
CPV,2012,59.9
PAN,2012,60.03
DMA,2012,60.06
LVA,2012,60.35
SLB,2012,60.46
MNG,2012,60.79
GAB,2012,61.25
PRT,2012,61.28
VCT,2012,62.02
SRB,2012,62.12
ARG,2012,62.43
MKD,2012,62.51
ISR,2012,62.61
GRC,2012,63.6
RUS,2012,63.71
MNE,2012,63.95
URY,2012,64.22
JOR,2012,64.41
BWA,2012,64.5
HUN,2012,64.84
AGO,2012,65.25
BHR,2012,65.35
MLT,2012,65.64
BLR,2012,65.65
BLZ,2012,65.8
LTU,2012,66.62
KAZ,2012,68.15
SAU,2012,68.28
PNG,2012,68.33
NLD,2012,68.46
BIH,2012,68.65
BTN,2012,69.58
AND,2012,69.64
POL,2012,69.83
COL,2012,69.86
SYC,2012,70.13
FRA,2012,70.29
CAN,2012,70.47
CRI,2012,70.68
SVN,2012,70.85
SVK,2012,71.12
AUS,2012,71.23
IRL,2012,71.75
ESP,2012,72.11
ARE,2012,72.54
AUT,2012,72.87
DZA,2012,72.93
NIU,2012,73.42
DEU,2012,75.44
ITA,2012,75.88
THA,2012,76.08
EST,2012,76.14
BEL,2012,76.62
ROU,2012,76.87
WSM,2012,78.45
NZL,2012,78.51
QAT,2012,79.14
TUR,2012,79.17
FIN,2012,79.8
ISL,2012,79.92
HTI,2012,8.22
GNB,2012,8.49
SLE,2012,8.99
GBR,2012,80.62
MCO,2012,81.3
HRV,2012,82.65
OMN,2012,82.74
KWT,2012,83.46
CZE,2012,83.54
LUX,2012,83.63
JPN,2012,83.93
SWE,2012,84.22
DNK,2012,84.37
NOR,2012,84.76
CUB,2012,86.7
TUV,2012,87.07
SMR,2012,88.25
KIR,2012,88.81
COK,2012,88.98
LBR,2012,9.94
BRN,2012,91.15
COD,2011,10.85
CAF,2011,11.28
MMR,2011,11.96
CIV,2011,13.19
GIN,2011,13.47
UGA,2011,13.57
NGA,2011,14.44
ERI,2011,14.77
CMR,2011,14.87
MLI,2011,15.06
LBR,2011,16.1
KHM,2011,17.05
GEO,2011,17.48
ARM,2011,17.84
NPL,2011,17.89
COM,2011,18.04
LAO,2011,18.87
BGD,2011,20.4
PAK,2011,20.77
TCD,2011,21.1
MWI,2011,21.65
TJK,2011,22.28
SDN,2011,22.84
YEM,2011,22.9
FSM,2011,23.18
IDN,2011,23.48
TGO,2011,23.52
GMB,2011,23.89
TZA,2011,25.45
MOZ,2011,25.51
BEN,2011,25.71
TKM,2011,25.98
GNQ,2011,26.07
NER,2011,26.11
ZWE,2011,26.23
PHL,2011,26.38
RWA,2011,27.69
IND,2011,28.87
BFA,2011,28.96
MRT,2011,30.31
KEN,2011,30.87
SEN,2011,31.05
CHE,2011,32.94
STP,2011,33.29
IRN,2011,33.36
GTM,2011,33.43
EGY,2011,33.84
BDI,2011,34.47
ZMB,2011,34.79
LCA,2011,35.15
KNA,2011,36.99
SGP,2011,37.12
COG,2011,37.17
PLW,2011,37.45
MDG,2011,37.81
ALB,2011,38.66
VNM,2011,38.69
AZE,2011,38.75
UZB,2011,39.69
SUR,2011,40.63
MUS,2011,41.13
NAM,2011,41.62
GRD,2011,41.63
MAR,2011,41.98
PRY,2011,42.28
LKA,2011,42.54
SWZ,2011,42.64
VEN,2011,42.9
LBN,2011,43.71
HND,2011,44.29
BRA,2011,44.5
BHS,2011,44.6
MHL,2011,44.91
SYR,2011,45.2
MDV,2011,46.41
MDA,2011,46.67
CHL,2011,47.16
ECU,2011,47.33
NIC,2011,47.39
CYP,2011,47.4
BRB,2011,48.5
GUY,2011,48.58
USA,2011,48.95
TTO,2011,49.87
AFG,2011,5.61
UKR,2011,50.23
GHA,2011,50.24
PER,2011,50.97
ZAF,2011,51.87
KGZ,2011,51.96
TLS,2011,51.97
MEX,2011,52.8
MYS,2011,53.25
CHN,2011,53.72
SLV,2011,54.06
DOM,2011,54.09
BGR,2011,54.13
TUN,2011,56.41
LSO,2011,56.52
VCT,2011,56.64
ATG,2011,56.95
NRU,2011,56.96
SLB,2011,57.15
BOL,2011,58.39
KOR,2011,58.56
DMA,2011,59.07
JAM,2011,59.11
MNG,2011,59.45
SLE,2011,6.69
FJI,2011,60.13
ARG,2011,60.32
MNE,2011,60.97
SRB,2011,61.12
BWA,2011,61.42
URY,2011,61.49
GAB,2011,61.99
PAN,2011,62.0
MKD,2011,62.23
ISR,2011,62.59
RUS,2011,62.65
SYC,2011,62.78
LBY,2011,63.29
BLR,2011,63.36
DJI,2011,63.49
LVA,2011,63.5
MLT,2011,64.44
PRT,2011,64.51
AGO,2011,64.76
PNG,2011,65.26
BHR,2011,65.33
BLZ,2011,65.39
VUT,2011,65.6
GRC,2011,65.7
HUN,2011,66.22
CPV,2011,66.55
SAU,2011,67.07
JOR,2011,67.45
BIH,2011,67.67
WSM,2011,68.12
NLD,2011,68.38
GNB,2011,7.03
HTI,2011,7.13
CRI,2011,70.19
FRA,2011,70.21
CAN,2011,70.24
LTU,2011,70.33
DZA,2011,70.62
KAZ,2011,70.8
POL,2011,71.03
TON,2011,71.82
IRL,2011,71.89
SVK,2011,72.11
SVN,2011,72.27
ARE,2011,72.42
AUT,2011,72.69
AUS,2011,73.26
BTN,2011,73.42
ESP,2011,73.48
COL,2011,73.5
QAT,2011,73.54
AND,2011,73.88
IRQ,2011,74.83
ROU,2011,74.98
EST,2011,74.99
DEU,2011,75.41
BEL,2011,76.18
THA,2011,76.43
ITA,2011,77.01
NZL,2011,78.78
TUR,2011,79.13
FIN,2011,79.17
ETH,2011,8.53
ISL,2011,80.01
GBR,2011,80.88
NIU,2011,81.13
MCO,2011,81.16
OMN,2011,81.82
HRV,2011,81.97
CZE,2011,83.69
JPN,2011,83.74
DNK,2011,83.94
LUX,2011,84.32
TUV,2011,84.33
NOR,2011,84.42
KWT,2011,84.47
SWE,2011,84.48
COK,2011,88.29
SMR,2011,88.3
CUB,2011,88.99
BRN,2011,91.53
KIR,2011,94.72
COD,2010,10.31
GIN,2010,10.59
CMR,2010,11.36
SLE,2010,11.63
CIV,2010,13.31
NGA,2010,13.6
MLI,2010,14.3
CAF,2010,16.12
UGA,2010,16.12
GNB,2010,16.58
ETH,2010,17.27
FSM,2010,17.47
BDI,2010,17.61
HTI,2010,17.87
NPL,2010,18.13
ARM,2010,18.26
KHM,2010,19.73
BGD,2010,20.57
TJK,2010,20.58
LAO,2010,20.73
ERI,2010,20.83
TCD,2010,20.98
GEO,2010,21.31
PAK,2010,21.9
MWI,2010,22.01
GMB,2010,22.29
YEM,2010,22.53
ZMB,2010,22.62
MOZ,2010,23.5
IDN,2010,23.69
TKM,2010,24.05
BEN,2010,24.17
BFA,2010,24.93
GNQ,2010,24.95
RWA,2010,25.22
TGO,2010,25.87
IND,2010,26.21
ZWE,2010,26.28
NER,2010,26.45
MRT,2010,27.75
TZA,2010,27.76
SEN,2010,28.84
KEN,2010,28.96
STP,2010,29.91
PHL,2010,31.9
IRN,2010,32.36
CHE,2010,32.36
SDN,2010,32.55
MHL,2010,32.7
EGY,2010,32.93
GTM,2010,33.66
PLW,2010,35.36
SGP,2010,35.88
LCA,2010,35.94
KNA,2010,37.59
VEN,2010,37.87
GRD,2010,37.95
ALB,2010,38.13
PRY,2010,38.99
VNM,2010,39.62
MAR,2010,39.9
UZB,2010,40.06
MDG,2010,40.16
LBN,2010,40.31
LKA,2010,40.44
AZE,2010,40.59
NAM,2010,40.99
HND,2010,42.36
SUR,2010,42.37
GUY,2010,43.12
MUS,2010,44.14
COG,2010,44.74
SYR,2010,44.79
BRA,2010,45.02
BHS,2010,45.07
CYP,2010,45.75
MDA,2010,45.86
NIC,2010,46.1
ECU,2010,46.35
CHL,2010,47.1
TTO,2010,48.16
USA,2010,48.87
SLV,2010,49.1
KGZ,2010,49.14
SWZ,2010,49.21
AFG,2010,5.47
MEX,2010,50.22
TLS,2010,50.82
DOM,2010,51.11
ZAF,2010,51.33
PER,2010,51.9
CHN,2010,51.91
MDV,2010,52.96
MYS,2010,53.06
BRB,2010,53.45
UKR,2010,54.12
VUT,2010,55.02
BGR,2010,55.24
TUN,2010,55.75
GHA,2010,56.08
LSO,2010,56.44
DMA,2010,57.39
JAM,2010,57.53
BWA,2010,57.55
ATG,2010,58.32
BOL,2010,58.77
ARG,2010,58.95
VCT,2010,59.23
TON,2010,59.34
KOR,2010,59.35
NRU,2010,59.79
URY,2010,60.0
LVA,2010,60.18
MKD,2010,60.57
DJI,2010,60.68
SRB,2010,61.0
RUS,2010,61.38
PNG,2010,61.7
SAU,2010,61.93
AGO,2010,62.12
ISR,2010,62.8
CPV,2010,63.25
SLB,2010,63.27
GAB,2010,63.55
FJI,2010,63.9
SYC,2010,64.32
PAN,2010,64.42
MLT,2010,64.58
BHR,2010,65.2
MNG,2010,65.38
PRT,2010,66.52
BLZ,2010,66.56
HUN,2010,66.63
JOR,2010,66.71
KAZ,2010,67.39
NIU,2010,67.67
BLR,2010,68.04
BIH,2010,68.07
NLD,2010,68.42
GRC,2010,68.9
DZA,2010,69.48
CAN,2010,69.92
LBY,2010,69.94
COM,2010,7.56
FRA,2010,70.44
ARE,2010,70.85
QAT,2010,70.99
SVK,2010,71.0
LTU,2010,71.09
POL,2010,71.35
BTN,2010,72.05
COL,2010,72.23
CRI,2010,72.32
AUS,2010,72.36
SVN,2010,72.36
AUT,2010,72.4
THA,2010,73.77
IRQ,2010,73.88
EST,2010,74.2
ESP,2010,74.44
AND,2010,74.63
WSM,2010,75.41
DEU,2010,75.69
IRL,2010,76.18
BEL,2010,76.25
TUR,2010,78.0
NZL,2010,78.27
ITA,2010,78.45
FIN,2010,78.54
ISL,2010,79.86
ROU,2010,79.89
LBR,2010,8.9
GBR,2010,80.87
MCO,2010,81.44
JPN,2010,81.93
SWE,2010,82.49
OMN,2010,82.71
CZE,2010,83.13
HRV,2010,83.41
KWT,2010,84.2
DNK,2010,84.27
TUV,2010,84.29
NOR,2010,84.68
SMR,2010,85.47
LUX,2010,85.93
COK,2010,87.92
MMR,2010,9.84
CUB,2010,90.78
KIR,2010,91.42
BRN,2010,91.74
LBR,2009,10.23
MLI,2009,12.77
CMR,2009,12.8
UGA,2009,14.3
CIV,2009,14.95
CAF,2009,15.19
NGA,2009,15.92
KHM,2009,16.07
TGO,2009,17.34
FSM,2009,17.41
MWI,2009,17.98
TJK,2009,18.52
ERI,2009,19.15
ETH,2009,19.51
BGD,2009,19.93
BDI,2009,20.1
GMB,2009,20.28
NPL,2009,20.41
PAK,2009,20.74
TCD,2009,20.85
GEO,2009,21.42
ARM,2009,21.46
YEM,2009,21.86
HTI,2009,22.33
STP,2009,23.62
RWA,2009,24.11
TKM,2009,24.25
MOZ,2009,25.23
IND,2009,25.61
BEN,2009,26.45
KEN,2009,27.7
MDG,2009,27.99
MRT,2009,28.26
NER,2009,28.81
COG,2009,28.83
TZA,2009,29.33
PHL,2009,30.65
GNQ,2009,31.89
CHE,2009,32.15
BFA,2009,32.31
LAO,2009,33.11
VEN,2009,34.39
LCA,2009,34.64
SGP,2009,34.88
EGY,2009,35.05
IDN,2009,35.13
GTM,2009,35.65
VNM,2009,36.25
SEN,2009,36.61
IRN,2009,36.65
KNA,2009,37.32
MHL,2009,37.87
MUS,2009,37.88
LBN,2009,38.2
NAM,2009,38.21
GNB,2009,38.39
PRY,2009,38.4
PLW,2009,38.77
GRD,2009,39.93
GAB,2009,40.17
MAR,2009,40.32
LKA,2009,40.6
ALB,2009,40.82
SDN,2009,41.12
UZB,2009,41.64
ECU,2009,41.78
CYP,2009,42.53
MDA,2009,42.65
GUY,2009,43.22
AZE,2009,43.26
HND,2009,44.1
BRA,2009,44.16
TLS,2009,44.4
SYR,2009,44.87
BHS,2009,45.57
SUR,2009,45.96
SLV,2009,46.45
MEX,2009,46.67
CHL,2009,46.86
SLB,2009,47.0
TTO,2009,47.6
USA,2009,48.52
DOM,2009,48.92
GHA,2009,49.33
CHN,2009,49.4
NIC,2009,49.61
ZAF,2009,49.74
AFG,2009,5.42
PER,2009,50.36
KGZ,2009,50.45
NRU,2009,51.32
BWA,2009,51.51
SWZ,2009,51.68
DMA,2009,53.63
BGR,2009,53.8
LSO,2009,54.07
BRB,2009,54.6
ATG,2009,54.89
TUN,2009,55.03
MYS,2009,55.55
JAM,2009,57.28
MDV,2009,57.7
UKR,2009,58.24
KOR,2009,59.18
DJI,2009,59.27
URY,2009,59.33
LVA,2009,59.65
ARG,2009,59.96
COD,2009,6.85
BOL,2009,61.04
VCT,2009,61.09
ISR,2009,61.22
NIU,2009,61.33
SYC,2009,61.43
VUT,2009,61.6
SRB,2009,61.65
FJI,2009,62.0
RUS,2009,62.07
MKD,2009,62.68
PRT,2009,63.8
KIR,2009,63.95
BLZ,2009,64.25
BLR,2009,64.56
MLT,2009,64.92
SAU,2009,64.99
BHR,2009,66.16
PAN,2009,66.55
PNG,2009,66.84
JOR,2009,67.08
AGO,2009,67.67
AND,2009,67.78
HUN,2009,67.98
BIH,2009,68.03
NLD,2009,68.05
GRC,2009,68.32
LBY,2009,68.79
MNG,2009,69.55
GIN,2009,7.27
COM,2009,7.69
CAN,2009,70.18
FRA,2009,70.68
DZA,2009,70.88
CRI,2009,70.94
QAT,2009,71.01
CPV,2009,71.54
SVK,2009,71.64
POL,2009,71.75
LTU,2009,71.88
SVN,2009,72.02
COL,2009,72.05
AUT,2009,72.85
AUS,2009,73.01
THA,2009,73.13
ARE,2009,73.68
BTN,2009,73.85
ESP,2009,75.07
DEU,2009,75.65
KAZ,2009,75.91
BEL,2009,76.3
IRL,2009,77.07
EST,2009,77.18
TON,2009,77.47
IRQ,2009,77.58
WSM,2009,77.69
NZL,2009,77.72
ITA,2009,78.31
ROU,2009,78.66
FIN,2009,79.03
SLE,2009,8.41
MMR,2009,8.66
SMR,2009,80.1
TUR,2009,80.5
GBR,2009,81.03
JPN,2009,81.29
OMN,2009,81.3
MCO,2009,81.33
KWT,2009,81.58
ISL,2009,81.64
TUV,2009,81.77
SWE,2009,82.51
HRV,2009,82.83
CZE,2009,82.88
NOR,2009,84.44
DNK,2009,84.46
LUX,2009,86.71
ZMB,2009,9.9
BRN,2009,90.5
COK,2009,90.66
CUB,2009,91.8
ETH,2008,12.01
CIV,2008,13.21
MLI,2008,14.2
ZMB,2008,14.45
CMR,2008,15.05
LBR,2008,15.18
KHM,2008,15.53
GMB,2008,15.64
PAK,2008,15.68
TGO,2008,15.96
TKM,2008,16.03
GNQ,2008,16.28
BDI,2008,16.88
STP,2008,17.2
UGA,2008,17.29
NGA,2008,17.87
GEO,2008,18.18
LAO,2008,18.55
NPL,2008,18.63
TCD,2008,19.59
CAF,2008,20.72
BEN,2008,20.87
BGD,2008,20.92
HTI,2008,22.15
MWI,2008,22.39
ARM,2008,22.41
IND,2008,22.63
ERI,2008,23.13
TJK,2008,23.17
RWA,2008,23.99
FSM,2008,24.57
KEN,2008,25.65
YEM,2008,27.82
BFA,2008,29.29
MOZ,2008,29.3
MRT,2008,29.46
NER,2008,29.55
PHL,2008,30.14
GNB,2008,31.44
LCA,2008,31.53
CHE,2008,31.61
SDN,2008,31.94
PRY,2008,32.17
PLW,2008,32.34
GTM,2008,33.78
KNA,2008,33.89
MDG,2008,33.95
EGY,2008,34.39
IDN,2008,35.23
MUS,2008,35.28
GRD,2008,36.44
MHL,2008,36.52
IRN,2008,37.08
SGP,2008,37.31
VNM,2008,37.68
GAB,2008,38.08
HND,2008,38.57
MAR,2008,39.02
ECU,2008,39.04
LBN,2008,39.34
SEN,2008,39.55
VEN,2008,39.84
GUY,2008,40.33
TZA,2008,40.63
UZB,2008,40.73
ALB,2008,41.22
CYP,2008,41.61
NAM,2008,41.65
BHS,2008,42.86
LKA,2008,43.22
CHL,2008,43.53
BRA,2008,43.74
SUR,2008,44.19
KGZ,2008,44.38
CHN,2008,44.52
NIC,2008,44.52
AZE,2008,44.55
GHA,2008,45.14
MEX,2008,45.91
SYR,2008,46.15
DOM,2008,46.49
ZAF,2008,47.35
USA,2008,47.51
TTO,2008,47.79
TON,2008,47.8
PER,2008,48.09
SLV,2008,48.13
MDA,2008,48.21
TLS,2008,48.79
COG,2008,49.09
COD,2008,5.85
SWZ,2008,50.28
ATG,2008,50.76
DMA,2008,51.78
JAM,2008,52.6
MYS,2008,53.12
TUN,2008,54.28
NRU,2008,54.78
ARG,2008,55.1
BRB,2008,55.32
BGR,2008,55.39
BIH,2008,55.68
MDV,2008,55.77
URY,2008,56.31
LSO,2008,56.74
KOR,2008,57.24
SLB,2008,57.32
DJI,2008,57.4
UKR,2008,58.07
BOL,2008,58.65
VCT,2008,59.47
AFG,2008,6.12
SLE,2008,6.41
LVA,2008,60.33
SYC,2008,60.34
JOR,2008,60.51
ISR,2008,61.28
SRB,2008,61.88
BWA,2008,62.2
PRT,2008,62.5
RUS,2008,62.63
SAU,2008,63.59
ARE,2008,63.91
AGO,2008,64.35
MKD,2008,64.59
MLT,2008,64.75
AND,2008,65.13
BHR,2008,65.2
GRC,2008,65.34
BLR,2008,65.78
NIU,2008,65.82
BLZ,2008,66.06
PAN,2008,67.0
NLD,2008,67.57
LBY,2008,67.66
HUN,2008,67.75
CRI,2008,67.82
CPV,2008,68.44
BTN,2008,69.13
COL,2008,69.36
FJI,2008,69.44
CAN,2008,69.75
MNG,2008,70.62
FRA,2008,70.63
LTU,2008,70.72
PNG,2008,70.91
POL,2008,71.21
DZA,2008,72.0
SVN,2008,72.16
AUS,2008,72.33
VUT,2008,72.47
TUR,2008,72.69
ESP,2008,73.28
AUT,2008,73.79
KAZ,2008,74.32
KIR,2008,74.6
QAT,2008,74.68
SVK,2008,74.72
DEU,2008,75.27
THA,2008,75.37
BEL,2008,75.75
EST,2008,76.23
WSM,2008,76.39
NZL,2008,77.63
ITA,2008,77.68
KWT,2008,78.09
IRQ,2008,78.44
FIN,2008,78.83
OMN,2008,78.83
IRL,2008,79.32
SMR,2008,79.58
MMR,2008,8.11
GIN,2008,8.26
COM,2008,8.55
MCO,2008,80.56
CZE,2008,80.99
ROU,2008,81.09
JPN,2008,81.17
GBR,2008,81.39
ISL,2008,82.21
SWE,2008,82.5
HRV,2008,83.83
COK,2008,83.98
DNK,2008,84.02
NOR,2008,84.13
LUX,2008,87.65
BRN,2008,89.89
CUB,2008,90.97
TUV,2008,92.22
MMR,2007,10.04
COM,2007,10.45
SLE,2007,10.7
CIV,2007,12.92
MWI,2007,13.5
GMB,2007,14.25
GEO,2007,14.7
CMR,2007,15.34
TGO,2007,16.11
UGA,2007,16.92
TLS,2007,17.11
PAK,2007,17.66
LAO,2007,18.09
GNQ,2007,18.44
NPL,2007,18.47
MLI,2007,18.97
TJK,2007,19.45
KHM,2007,19.81
NGA,2007,19.91
STP,2007,20.37
BEN,2007,20.59
IND,2007,20.9
HTI,2007,21.73
RWA,2007,22.22
FSM,2007,22.23
ZMB,2007,22.47
BGD,2007,22.49
ERI,2007,23.02
BDI,2007,23.29
TCD,2007,23.55
KEN,2007,24.37
TKM,2007,26.23
MRT,2007,26.56
ETH,2007,26.65
YEM,2007,26.87
CAF,2007,26.94
BFA,2007,27.36
NER,2007,27.65
LCA,2007,28.11
TZA,2007,28.2
ARM,2007,29.35
CHE,2007,30.71
COG,2007,30.84
MOZ,2007,30.85
PHL,2007,31.32
GTM,2007,31.96
SGP,2007,33.49
PRY,2007,34.57
GNB,2007,34.67
PLW,2007,34.68
EGY,2007,35.29
VNM,2007,35.31
IDN,2007,36.07
SDN,2007,36.19
MAR,2007,37.57
ECU,2007,38.31
GRD,2007,38.34
SEN,2007,38.62
GAB,2007,39.0
CHN,2007,39.03
GUY,2007,39.33
UZB,2007,39.57
IRN,2007,39.83
BHS,2007,40.04
LBN,2007,41.04
DOM,2007,41.2
HND,2007,41.24
MUS,2007,41.81
MDG,2007,41.9
CHL,2007,42.26
BRA,2007,42.49
ALB,2007,42.67
CYP,2007,43.16
GHA,2007,43.21
KNA,2007,43.42
NAM,2007,43.76
MEX,2007,43.82
MHL,2007,44.44
KGZ,2007,44.51
NIC,2007,45.33
AZE,2007,45.57
TTO,2007,46.18
USA,2007,46.35
MDV,2007,47.13
SYR,2007,47.33
SWZ,2007,47.34
ZAF,2007,47.79
SLV,2007,48.42
LKA,2007,48.5
URY,2007,48.53
PER,2007,48.67
SUR,2007,49.49
COD,2007,5.61
AFG,2007,5.65
JAM,2007,50.07
DJI,2007,50.82
MDA,2007,51.09
ATG,2007,51.33
VEN,2007,51.67
DMA,2007,52.61
MYS,2007,52.92
TUN,2007,53.38
NIU,2007,53.73
ARG,2007,54.31
BRB,2007,54.46
BIH,2007,55.33
BGR,2007,55.75
VCT,2007,55.87
BWA,2007,56.69
JOR,2007,56.7
AGO,2007,57.89
ARE,2007,58.67
KOR,2007,58.94
BOL,2007,59.09
UKR,2007,59.2
AND,2007,59.71
BLZ,2007,59.93
GIN,2007,6.94
ISR,2007,60.59
LVA,2007,60.89
SRB,2007,61.02
MKD,2007,61.49
RUS,2007,62.05
PRT,2007,62.71
GRC,2007,63.34
LSO,2007,63.72
BHR,2007,64.25
BTN,2007,64.56
IRQ,2007,65.6
LTU,2007,65.83
NLD,2007,65.87
PAN,2007,66.02
CRI,2007,66.21
KAZ,2007,66.27
LBY,2007,66.53
MLT,2007,66.81
TON,2007,67.18
PNG,2007,67.51
HUN,2007,67.79
SVK,2007,68.72
TUR,2007,68.78
WSM,2007,69.01
SLB,2007,69.08
NRU,2007,69.41
CAN,2007,69.59
POL,2007,69.69
DZA,2007,69.79
LBR,2007,7.61
BLR,2007,70.19
SVN,2007,70.24
SAU,2007,70.39
COL,2007,70.65
MNG,2007,70.72
CPV,2007,71.06
FRA,2007,71.1
VUT,2007,71.55
FJI,2007,72.27
ESP,2007,72.3
AUT,2007,72.8
AUS,2007,72.91
BEL,2007,74.18
SYC,2007,74.39
QAT,2007,74.76
EST,2007,75.05
DEU,2007,75.16
THA,2007,75.61
KWT,2007,76.42
ITA,2007,77.49
COK,2007,78.42
FIN,2007,78.62
SMR,2007,79.22
IRL,2007,79.23
NZL,2007,79.3
MCO,2007,80.18
KIR,2007,80.66
OMN,2007,81.14
JPN,2007,81.25
ROU,2007,81.45
GBR,2007,81.75
ISL,2007,82.02
SWE,2007,82.52
NOR,2007,83.7
DNK,2007,83.71
CZE,2007,83.79
LUX,2007,85.36
HRV,2007,86.43
BRN,2007,87.22
TUV,2007,89.81
CUB,2007,90.11
SLE,2006,10.43
COM,2006,11.18
CIV,2006,11.71
ERI,2006,11.93
MMR,2006,11.95
UGA,2006,15.19
GEO,2006,15.53
KHM,2006,15.69
GMB,2006,16.27
TGO,2006,16.38
PAK,2006,17.12
GNQ,2006,17.2
CMR,2006,17.34
TKM,2006,18.36
TJK,2006,18.6
MWI,2006,19.21
RWA,2006,19.49
TCD,2006,20.45
IND,2006,20.51
MHL,2006,20.78
NGA,2006,21.18
LAO,2006,21.9
MLI,2006,22.44
BGD,2006,22.73
KEN,2006,23.07
BDI,2006,23.78
NPL,2006,23.9
BEN,2006,24.2
FSM,2006,24.33
MRT,2006,25.02
ETH,2006,25.13
ARM,2006,27.12
CAF,2006,27.63
MOZ,2006,28.95
ZMB,2006,29.37
YEM,2006,29.4
LCA,2006,30.43
CHE,2006,30.61
TZA,2006,31.32
BFA,2006,31.7
IDN,2006,31.72
ECU,2006,31.87
PHL,2006,32.09
GTM,2006,32.47
COG,2006,32.48
SGP,2006,33.92
GNB,2006,34.13
NER,2006,34.34
DOM,2006,35.1
PRY,2006,35.11
CHN,2006,35.14
EGY,2006,36.02
VNM,2006,36.03
SDN,2006,36.38
MDV,2006,36.78
MAR,2006,36.87
MDG,2006,37.07
PLW,2006,38.02
BHS,2006,38.46
GAB,2006,38.73
TLS,2006,39.93
GRD,2006,39.97
AFG,2006,4.69
GHA,2006,40.05
UZB,2006,40.58
LBN,2006,41.01
NAM,2006,41.08
CHL,2006,41.35
HND,2006,41.64
IRN,2006,41.68
AZE,2006,41.9
GUY,2006,42.02
CYP,2006,42.83
MEX,2006,42.83
BRA,2006,42.93
SWZ,2006,44.21
KNA,2006,44.77
TTO,2006,44.87
MUS,2006,44.88
ALB,2006,45.01
NIC,2006,45.02
USA,2006,46.31
SUR,2006,46.4
SEN,2006,46.75
ZAF,2006,46.97
SYR,2006,46.97
JAM,2006,47.54
URY,2006,47.69
MDA,2006,49.26
DJI,2006,49.55
COD,2006,5.15
PER,2006,50.26
KGZ,2006,50.67
LKA,2006,50.96
JOR,2006,51.28
SLV,2006,52.0
TON,2006,52.09
TUN,2006,52.26
ARG,2006,52.6
ATG,2006,52.95
AGO,2006,53.77
MYS,2006,53.87
BIH,2006,54.56
BGR,2006,55.67
BTN,2006,55.89
BOL,2006,56.02
BRB,2006,56.27
DMA,2006,56.37
LSO,2006,56.41
VEN,2006,56.81
BLZ,2006,56.93
MKD,2006,57.09
BWA,2006,57.21
ARE,2006,57.3
KOR,2006,59.0
VCT,2006,59.48
AND,2006,59.96
STP,2006,6.63
GIN,2006,6.87
UKR,2006,60.42
LVA,2006,61.54
GRC,2006,61.61
RUS,2006,61.73
PAN,2006,62.07
ISR,2006,62.32
LTU,2006,62.43
SRB,2006,62.5
PRT,2006,63.44
VUT,2006,64.6
LBY,2006,65.36
SLB,2006,65.59
NLD,2006,66.0
CRI,2006,66.11
CPV,2006,66.25
IRQ,2006,66.42
MNG,2006,66.44
PNG,2006,67.14
KAZ,2006,68.09
DZA,2006,68.46
MLT,2006,68.49
TUR,2006,68.85
POL,2006,68.98
BHR,2006,69.4
CAN,2006,69.44
SVK,2006,69.67
HUN,2006,70.35
WSM,2006,70.37
FRA,2006,71.27
BLR,2006,71.47
AUS,2006,71.67
SVN,2006,71.74
THA,2006,71.95
COL,2006,72.09
ESP,2006,72.1
AUT,2006,72.85
SAU,2006,72.98
SYC,2006,73.59
FJI,2006,73.94
BEL,2006,74.59
EST,2006,74.75
QAT,2006,74.84
DEU,2006,75.24
KWT,2006,76.52
NZL,2006,77.22
ITA,2006,77.75
IRL,2006,77.83
SMR,2006,78.2
FIN,2006,78.74
ROU,2006,79.29
LBR,2006,8.26
HTI,2006,8.32
JPN,2006,80.32
TUV,2006,80.56
OMN,2006,80.69
MCO,2006,80.84
GBR,2006,81.54
ISL,2006,81.58
SWE,2006,82.36
KIR,2006,83.01
NOR,2006,83.34
LUX,2006,83.78
DNK,2006,83.87
HRV,2006,84.66
NIU,2006,84.69
BRN,2006,85.31
CZE,2006,85.5
CUB,2006,85.6
COK,2006,86.7
NRU,2006,87.57
CIV,2005,10.57
COM,2005,11.32
ERI,2005,12.43
GNQ,2005,13.78
GEO,2005,14.92
FSM,2005,15.0
GMB,2005,15.17
TGO,2005,15.25
SLE,2005,15.59
CMR,2005,17.28
HTI,2005,17.65
UGA,2005,17.79
KHM,2005,17.83
TJK,2005,18.98
NPL,2005,19.06
IND,2005,20.13
RWA,2005,20.91
TKM,2005,21.15
BGD,2005,21.88
PAK,2005,22.1
BEN,2005,23.27
CAF,2005,23.71
MRT,2005,24.08
BDI,2005,24.48
MWI,2005,24.48
COG,2005,25.16
MAR,2005,25.21
ARM,2005,25.22
NGA,2005,25.56
KEN,2005,26.4
ZMB,2005,26.68
MLI,2005,26.89
LAO,2005,27.17
MHL,2005,27.91
IDN,2005,28.92
TCD,2005,29.54
ECU,2005,30.08
GTM,2005,30.6
BFA,2005,30.95
CHE,2005,31.05
YEM,2005,31.79
DOM,2005,32.0
EGY,2005,32.29
NER,2005,32.67
CHN,2005,32.76
PRY,2005,32.84
LCA,2005,32.98
SGP,2005,32.99
PHL,2005,33.1
MDV,2005,33.62
MOZ,2005,33.84
GAB,2005,35.95
TZA,2005,36.55
VNM,2005,36.73
IRN,2005,36.87
GNB,2005,37.09
MDG,2005,37.27
PLW,2005,37.38
UZB,2005,37.96
LBN,2005,38.41
HND,2005,38.93
SDN,2005,39.07
CHL,2005,39.34
BHS,2005,39.38
ZAF,2005,40.0
TLS,2005,40.23
NIC,2005,40.29
GHA,2005,40.35
AZE,2005,40.59
CYP,2005,41.47
BRA,2005,41.63
ETH,2005,42.14
MEX,2005,42.24
DJI,2005,43.34
SEN,2005,43.41
STP,2005,43.68
NAM,2005,44.61
AGO,2005,44.83
SUR,2005,45.05
URY,2005,45.18
USA,2005,45.48
ALB,2005,45.69
SLV,2005,46.17
VEN,2005,46.48
GUY,2005,46.93
KNA,2005,46.98
GRD,2005,47.06
MUS,2005,48.19
LSO,2005,48.26
TTO,2005,48.4
MYS,2005,48.9
JAM,2005,49.14
SWZ,2005,49.36
COD,2005,5.13
AFG,2005,5.32
LBR,2005,5.92
SYR,2005,50.35
TUN,2005,50.82
KGZ,2005,50.99
ARG,2005,51.42
JOR,2005,51.71
LKA,2005,52.64
MDA,2005,52.72
BLZ,2005,53.11
BOL,2005,54.27
BIH,2005,54.58
PER,2005,54.99
ATG,2005,55.62
LVA,2005,55.7
DMA,2005,56.14
BWA,2005,56.54
ARE,2005,56.84
MKD,2005,56.98
KOR,2005,57.05
BRB,2005,57.2
UKR,2005,58.72
PAN,2005,59.34
TON,2005,59.55
BGR,2005,59.57
ISR,2005,59.93
GIN,2005,6.46
MNG,2005,60.52
LTU,2005,60.7
GRC,2005,60.83
RUS,2005,61.14
VCT,2005,62.76
THA,2005,63.71
BTN,2005,63.91
CRI,2005,63.96
AND,2005,64.27
LBY,2005,64.65
VUT,2005,64.76
KAZ,2005,64.91
SRB,2005,65.46
PNG,2005,65.87
NIU,2005,65.98
TUR,2005,67.75
NLD,2005,68.3
WSM,2005,68.48
POL,2005,68.52
CPV,2005,69.1
MLT,2005,69.13
DZA,2005,69.29
IRQ,2005,69.73
BHR,2005,69.87
MMR,2005,7.29
HUN,2005,70.16
PRT,2005,70.9
SLB,2005,70.99
ESP,2005,71.56
COL,2005,71.82
AUS,2005,71.84
SVN,2005,72.22
SAU,2005,72.5
FRA,2005,72.55
AUT,2005,72.65
SYC,2005,72.72
CAN,2005,73.04
EST,2005,74.01
FJI,2005,74.21
BLR,2005,74.5
BEL,2005,74.8
QAT,2005,74.91
SVK,2005,75.14
DEU,2005,75.67
KWT,2005,76.21
NZL,2005,76.95
COK,2005,76.96
SMR,2005,77.41
ITA,2005,77.49
FIN,2005,77.81
IRL,2005,78.87
ROU,2005,79.78
ISL,2005,81.0
MCO,2005,81.07
JPN,2005,81.17
GBR,2005,81.41
SWE,2005,82.29
OMN,2005,82.34
NOR,2005,83.05
BRN,2005,83.67
DNK,2005,83.74
LUX,2005,84.15
CUB,2005,84.87
HRV,2005,84.99
CZE,2005,85.23
NRU,2005,89.87
TUV,2005,91.32
KIR,2005,96.42
CIV,2004,10.23
MMR,2004,10.88
COM,2004,12.03
TGO,2004,14.39
GMB,2004,14.41
GEO,2004,14.57
NPL,2004,15.99
HTI,2004,17.1
IND,2004,17.98
TJK,2004,18.65
CMR,2004,18.93
MRT,2004,19.07
SLE,2004,19.13
FSM,2004,19.33
KHM,2004,19.4
MWI,2004,21.06
ARM,2004,21.37
ERI,2004,22.24
LAO,2004,22.43
COG,2004,22.65
TKM,2004,22.89
NER,2004,23.72
BEN,2004,23.79
MAR,2004,23.89
BGD,2004,24.06
KEN,2004,25.49
RWA,2004,25.68
NGA,2004,25.94
GHA,2004,26.15
DOM,2004,26.77
PAK,2004,27.35
UGA,2004,29.1
CHN,2004,30.24
MLI,2004,30.44
ETH,2004,30.74
BDI,2004,30.75
MDV,2004,30.88
CHE,2004,30.89
ECU,2004,31.13
MOZ,2004,31.79
GTM,2004,32.32
PRY,2004,32.39
AZE,2004,32.43
SGP,2004,32.46
EGY,2004,32.51
LCA,2004,32.92
CAF,2004,34.25
ZMB,2004,34.26
TZA,2004,34.28
TCD,2004,34.87
IDN,2004,35.34
YEM,2004,35.42
SEN,2004,35.61
VNM,2004,35.66
PHL,2004,35.72
HND,2004,35.76
IRN,2004,36.43
LBN,2004,37.12
UZB,2004,37.29
NIC,2004,37.54
KGZ,2004,37.68
SDN,2004,37.85
TLS,2004,39.23
JOR,2004,39.32
ZAF,2004,39.37
CHL,2004,39.47
BHS,2004,39.83
COD,2004,4.21
BFA,2004,40.31
GAB,2004,40.82
CYP,2004,41.29
MDG,2004,41.7
PLW,2004,41.82
MHL,2004,42.07
AGO,2004,42.51
BRA,2004,42.67
GNB,2004,43.09
TTO,2004,43.12
DJI,2004,43.29
MEX,2004,43.46
STP,2004,43.7
SWZ,2004,44.38
SUR,2004,44.5
USA,2004,45.43
ALB,2004,46.58
SYR,2004,47.69
KNA,2004,48.12
GRD,2004,48.36
NAM,2004,48.88
SLV,2004,49.4
GIN,2004,5.05
AFG,2004,5.54
GUY,2004,50.61
BLZ,2004,50.91
MYS,2004,50.94
TUN,2004,51.13
JAM,2004,51.48
ARG,2004,51.8
PER,2004,52.0
BOL,2004,52.14
URY,2004,52.31
LKA,2004,52.7
VEN,2004,54.17
DMA,2004,54.22
MUS,2004,54.36
TON,2004,54.49
UKR,2004,55.2
MKD,2004,55.75
LVA,2004,56.17
KOR,2004,56.72
BIH,2004,56.96
LSO,2004,57.03
ARE,2004,57.11
ATG,2004,58.03
KAZ,2004,58.25
BWA,2004,58.36
GRC,2004,58.62
RUS,2004,58.77
MDA,2004,59.17
BRB,2004,59.38
BGR,2004,59.43
ISR,2004,61.78
AND,2004,62.09
LTU,2004,62.63
PAN,2004,63.27
SLB,2004,63.3
VCT,2004,63.85
MNG,2004,63.89
THA,2004,64.12
PNG,2004,65.54
VUT,2004,65.67
LBY,2004,65.79
CRI,2004,66.02
BTN,2004,66.05
WSM,2004,66.65
BHR,2004,67.34
POL,2004,67.46
SRB,2004,67.86
FJI,2004,68.08
NIU,2004,68.08
NLD,2004,68.47
MLT,2004,69.54
HUN,2004,69.62
LBR,2004,7.56
PRT,2004,70.56
IRQ,2004,70.93
NRU,2004,71.08
DZA,2004,71.35
ESP,2004,71.35
CPV,2004,71.36
SAU,2004,71.48
AUS,2004,71.69
TUR,2004,71.7
SVN,2004,71.99
AUT,2004,72.05
FRA,2004,72.65
CAN,2004,73.06
SYC,2004,73.36
COL,2004,73.53
ROU,2004,73.81
EST,2004,73.94
QAT,2004,74.99
BEL,2004,75.0
DEU,2004,75.89
ITA,2004,76.24
KWT,2004,76.26
SMR,2004,76.3
BLR,2004,76.69
NZL,2004,77.04
FIN,2004,77.84
SVK,2004,78.72
IRL,2004,78.92
HRV,2004,79.82
CUB,2004,80.04
JPN,2004,80.27
GBR,2004,80.45
ISL,2004,80.95
MCO,2004,81.12
OMN,2004,81.91
SWE,2004,82.69
COK,2004,82.9
NOR,2004,83.02
BRN,2004,83.09
DNK,2004,83.55
LUX,2004,84.5
CZE,2004,87.6
TUV,2004,89.58
GNQ,2004,9.64
KIR,2004,97.12
GNQ,2003,10.09
MMR,2003,10.21
GMB,2003,11.02
COM,2003,12.82
TGO,2003,12.83
GEO,2003,14.29
LBR,2003,14.53
HTI,2003,14.62
TJK,2003,16.36
ARM,2003,16.8
NPL,2003,17.12
NGA,2003,18.4
IND,2003,18.72
MRT,2003,19.14
SLE,2003,20.32
KHM,2003,21.41
BDI,2003,21.46
BEN,2003,21.88
CMR,2003,21.98
FSM,2003,22.02
NER,2003,22.56
ERI,2003,22.75
MAR,2003,24.46
LAO,2003,24.47
BGD,2003,24.61
PAK,2003,24.79
COG,2003,26.12
DOM,2003,26.43
KEN,2003,27.71
TZA,2003,27.92
MLI,2003,27.97
CHN,2003,28.37
AZE,2003,28.48
GHA,2003,29.12
ECU,2003,30.66
BFA,2003,31.19
LCA,2003,31.35
CHE,2003,31.41
TCD,2003,31.53
MDV,2003,31.69
TKM,2003,31.82
EGY,2003,31.92
SDN,2003,32.46
VNM,2003,32.92
GTM,2003,33.18
PRY,2003,33.22
RWA,2003,33.25
LBN,2003,33.9
ZMB,2003,33.94
UGA,2003,34.28
CAF,2003,35.08
MWI,2003,35.39
SEN,2003,35.94
MOZ,2003,36.16
PHL,2003,36.22
IDN,2003,36.38
UZB,2003,36.54
SGP,2003,37.07
DJI,2003,37.82
HND,2003,37.93
GNB,2003,38.2
CHL,2003,38.25
KGZ,2003,38.92
IRN,2003,39.41
ZAF,2003,39.64
BHS,2003,40.51
GAB,2003,40.63
GRD,2003,40.9
AGO,2003,41.31
MEX,2003,41.51
YEM,2003,41.76
NIC,2003,42.04
BRA,2003,42.86
ALB,2003,43.08
SUR,2003,43.73
CYP,2003,43.95
PLW,2003,44.06
KNA,2003,44.12
USA,2003,44.98
MDG,2003,45.03
IRQ,2003,45.33
TTO,2003,45.48
SWZ,2003,45.73
MDA,2003,45.77
TLS,2003,46.21
ETH,2003,46.46
JOR,2003,46.59
MHL,2003,47.06
STP,2003,47.93
SYR,2003,47.93
JAM,2003,48.5
LVA,2003,49.83
SLV,2003,50.04
VEN,2003,50.37
BLZ,2003,50.57
PER,2003,50.92
TUN,2003,51.41
MYS,2003,51.94
URY,2003,52.37
MUS,2003,52.45
GUY,2003,52.9
BOL,2003,53.01
NAM,2003,53.4
ARG,2003,54.71
KAZ,2003,54.81
MKD,2003,54.99
LKA,2003,55.08
DMA,2003,55.75
UKR,2003,55.75
KOR,2003,56.01
BRB,2003,56.24
BWA,2003,57.97
PNG,2003,58.1
RUS,2003,58.1
LSO,2003,58.88
GRC,2003,59.86
ATG,2003,59.91
COD,2003,6.01
BGR,2003,60.72
ARE,2003,61.28
PAN,2003,62.0
ISR,2003,62.51
THA,2003,63.07
AND,2003,64.06
BHR,2003,65.97
BIH,2003,66.13
LBY,2003,66.24
CRI,2003,66.37
VCT,2003,66.4
WSM,2003,67.41
MNG,2003,67.93
POL,2003,68.58
BTN,2003,69.17
MLT,2003,69.84
SRB,2003,69.86
HUN,2003,69.98
AFG,2003,7.28
NLD,2003,70.04
TON,2003,70.53
PRT,2003,70.6
VUT,2003,71.0
ESP,2003,71.1
TUR,2003,71.21
AUS,2003,71.34
SVN,2003,71.97
SAU,2003,72.37
FRA,2003,72.64
AUT,2003,73.14
CAN,2003,73.14
CPV,2003,73.35
SLB,2003,74.03
BEL,2003,74.12
LTU,2003,74.31
FJI,2003,74.78
NRU,2003,74.91
QAT,2003,75.02
ITA,2003,75.33
NZL,2003,75.5
SMR,2003,75.55
BLR,2003,75.99
EST,2003,76.02
DZA,2003,76.69
KWT,2003,76.89
FIN,2003,77.31
SYC,2003,77.36
COL,2003,77.38
DEU,2003,77.41
GBR,2003,78.69
IRL,2003,78.76
CUB,2003,79.53
JPN,2003,79.96
GIN,2003,8.83
MCO,2003,81.0
ISL,2003,81.28
HRV,2003,81.33
OMN,2003,82.87
BRN,2003,82.95
ROU,2003,83.07
SWE,2003,83.13
NOR,2003,83.17
LUX,2003,83.86
DNK,2003,83.91
TUV,2003,86.47
SVK,2003,87.0
CZE,2003,87.48
COK,2003,87.51
NIU,2003,88.35
CIV,2003,9.41
KIR,2003,96.14
AFG,2002,0.89
TGO,2002,11.76
GIN,2002,11.93
MMR,2002,13.92
HTI,2002,14.24
COM,2002,14.33
GEO,2002,14.36
ARM,2002,15.39
LBR,2002,16.85
IND,2002,18.16
TJK,2002,18.19
KHM,2002,19.39
NPL,2002,20.13
NGA,2002,21.33
FSM,2002,21.49
MRT,2002,21.82
CMR,2002,22.15
MLI,2002,22.21
BDI,2002,23.72
BEN,2002,23.84
GHA,2002,24.14
RWA,2002,24.23
BGD,2002,24.31
SLE,2002,24.56
NER,2002,25.01
CHN,2002,25.39
COG,2002,25.39
MAR,2002,26.62
AZE,2002,26.88
LAO,2002,27.55
TZA,2002,28.41
TCD,2002,28.84
KEN,2002,28.84
MDV,2002,29.03
GNB,2002,29.78
COD,2002,3.93
UGA,2002,30.74
PRY,2002,30.84
SGP,2002,31.33
CHE,2002,31.36
ECU,2002,31.58
ERI,2002,31.69
GTM,2002,32.34
LBN,2002,32.86
DOM,2002,33.68
SEN,2002,33.9
CAF,2002,33.93
LCA,2002,33.95
IDN,2002,34.04
SDN,2002,34.2
EGY,2002,34.46
ZAF,2002,34.53
TKM,2002,34.63
STP,2002,35.17
BFA,2002,35.61
DJI,2002,35.86
MDG,2002,36.0
GAB,2002,36.08
MWI,2002,36.35
VNM,2002,36.47
PHL,2002,37.04
MOZ,2002,37.23
CHL,2002,37.54
PAK,2002,37.59
UZB,2002,37.61
IRN,2002,39.26
AGO,2002,39.3
BHS,2002,39.59
HND,2002,40.68
TTO,2002,41.63
BRA,2002,42.39
MEX,2002,42.69
NIC,2002,42.94
KNA,2002,43.35
ZMB,2002,43.54
SWZ,2002,43.86
GRD,2002,43.91
ETH,2002,44.16
CYP,2002,44.38
PLW,2002,44.67
USA,2002,45.21
SYR,2002,45.4
ALB,2002,45.7
VEN,2002,46.04
SUR,2002,46.13
JOR,2002,47.41
MDA,2002,47.91
URY,2002,47.93
YEM,2002,48.24
KGZ,2002,48.34
MHL,2002,49.3
LVA,2002,49.58
SLV,2002,50.77
PER,2002,51.08
MYS,2002,51.21
UKR,2002,51.25
TUN,2002,51.76
BLZ,2002,52.14
DMA,2002,52.36
LSO,2002,52.68
MKD,2002,52.69
MUS,2002,52.9
NAM,2002,53.09
BOL,2002,53.14
LKA,2002,53.45
KAZ,2002,53.5
BRB,2002,53.52
GUY,2002,54.34
ARG,2002,54.56
KOR,2002,56.51
SLB,2002,56.78
BWA,2002,58.14
JAM,2002,58.19
RUS,2002,58.3
ATG,2002,58.44
BGR,2002,59.34
BIH,2002,59.7
GNQ,2002,6.76
GRC,2002,60.46
ARE,2002,61.23
THA,2002,62.27
PAN,2002,62.68
QAT,2002,62.91
PNG,2002,63.57
ISR,2002,64.01
AND,2002,66.32
CRI,2002,66.86
LBY,2002,66.91
VUT,2002,67.19
VCT,2002,68.58
MNG,2002,68.76
HUN,2002,69.24
NLD,2002,69.84
POL,2002,69.96
TUR,2002,69.97
MLT,2002,70.4
NRU,2002,71.13
BHR,2002,71.25
ESP,2002,71.32
AUS,2002,71.94
PRT,2002,71.99
SRB,2002,72.17
TON,2002,72.22
SAU,2002,72.31
BTN,2002,72.41
SVN,2002,72.43
CAN,2002,72.44
BLR,2002,72.53
CPV,2002,72.8
LTU,2002,72.81
FRA,2002,73.0
AUT,2002,73.44
BEL,2002,73.72
FJI,2002,73.8
SMR,2002,74.11
NZL,2002,74.93
ITA,2002,74.96
DZA,2002,75.28
WSM,2002,75.58
COL,2002,76.19
EST,2002,76.21
KWT,2002,76.8
FIN,2002,76.82
DEU,2002,77.82
IRL,2002,78.99
HRV,2002,79.01
GBR,2002,79.69
SYC,2002,79.75
GMB,2002,8.64
MCO,2002,80.2
ROU,2002,80.4
CUB,2002,80.51
JPN,2002,80.75
ISL,2002,81.38
SWE,2002,82.57
NOR,2002,82.88
OMN,2002,83.47
BRN,2002,83.59
DNK,2002,83.81
LUX,2002,83.96
SVK,2002,87.94
CZE,2002,88.07
TUV,2002,88.45
CIV,2002,9.2
COK,2002,91.52
KIR,2002,95.84
NIU,2002,98.6
GMB,2001,10.83
TGO,2001,11.26
MMR,2001,11.27
MRT,2001,15.26
NPL,2001,15.32
GEO,2001,15.84
KHM,2001,16.92
IND,2001,18.88
TJK,2001,19.13
HTI,2001,19.39
CMR,2001,20.09
RWA,2001,21.05
FSM,2001,21.58
BGD,2001,21.67
LBR,2001,22.69
SLE,2001,22.89
CHN,2001,22.92
MLI,2001,23.32
NER,2001,24.24
TZA,2001,25.71
MAR,2001,26.28
BDI,2001,26.42
VNM,2001,26.49
UGA,2001,26.73
NGA,2001,26.89
SGP,2001,27.89
KEN,2001,28.12
BEN,2001,28.53
AZE,2001,28.67
ARM,2001,28.82
CHE,2001,29.97
COD,2001,3.93
ERI,2001,30.27
LAO,2001,30.99
MDV,2001,32.6
GTM,2001,32.64
LBN,2001,32.69
SDN,2001,33.33
ECU,2001,33.44
GHA,2001,33.53
STP,2001,33.55
BFA,2001,33.64
ZAF,2001,33.73
EGY,2001,34.22
TKM,2001,34.58
PRY,2001,34.73
TCD,2001,34.87
DOM,2001,34.89
LCA,2001,34.9
PAK,2001,35.28
CHL,2001,36.36
IDN,2001,36.45
GRD,2001,38.22
IRN,2001,38.27
CAF,2001,38.34
SEN,2001,38.46
UZB,2001,38.84
MDG,2001,39.5
BHS,2001,39.91
GAB,2001,40.11
PHL,2001,40.6
BRA,2001,41.09
SYR,2001,41.41
CYP,2001,41.83
HND,2001,42.01
ETH,2001,42.67
GNB,2001,43.05
TTO,2001,43.19
KNA,2001,43.65
MEX,2001,43.76
COG,2001,44.16
DJI,2001,44.59
NIC,2001,44.84
URY,2001,44.9
VEN,2001,44.95
USA,2001,45.34
JOR,2001,45.63
AGO,2001,45.64
MDA,2001,45.96
SWZ,2001,46.4
ALB,2001,46.46
JAM,2001,46.55
KGZ,2001,46.84
MOZ,2001,47.22
ZMB,2001,47.4
SLV,2001,48.61
SUR,2001,48.61
LVA,2001,48.73
UKR,2001,48.91
MWI,2001,49.39
YEM,2001,50.11
MYS,2001,50.51
PLW,2001,50.81
BLZ,2001,51.44
NAM,2001,51.92
TUN,2001,52.19
PER,2001,52.44
LKA,2001,52.57
BRB,2001,53.29
GUY,2001,53.43
MHL,2001,53.63
MUS,2001,53.78
BOL,2001,54.17
MKD,2001,54.38
LBY,2001,54.47
LSO,2001,54.72
ARG,2001,54.85
THA,2001,55.01
DMA,2001,55.35
KOR,2001,55.94
BGR,2001,56.07
BWA,2001,56.63
KAZ,2001,56.65
BIH,2001,57.02
RUS,2001,58.04
ATG,2001,59.08
ISR,2001,62.68
QAT,2001,63.05
GRC,2001,63.21
PAN,2001,63.43
AND,2001,65.18
CRI,2001,65.56
SRB,2001,66.82
HUN,2001,66.9
TUR,2001,67.25
VCT,2001,68.42
MLT,2001,68.67
MNG,2001,69.25
NLD,2001,69.5
SYC,2001,69.65
GIN,2001,7.59
PRT,2001,70.17
LTU,2001,70.2
POL,2001,70.34
SVN,2001,70.56
BTN,2001,70.7
AUS,2001,71.11
ESP,2001,71.31
TON,2001,71.43
BHR,2001,71.69
FJI,2001,71.81
PNG,2001,72.48
SAU,2001,72.54
FRA,2001,72.76
CAN,2001,72.8
CPV,2001,73.01
NZL,2001,73.18
AUT,2001,73.65
VUT,2001,74.28
BLR,2001,74.62
ITA,2001,74.62
SMR,2001,74.91
COL,2001,75.05
BEL,2001,75.33
FIN,2001,76.22
DZA,2001,76.23
ARE,2001,77.01
GBR,2001,78.06
DEU,2001,78.17
EST,2001,78.26
IRL,2001,78.44
KWT,2001,78.89
ROU,2001,79.75
NRU,2001,79.89
COM,2001,8.04
CIV,2001,8.47
GNQ,2001,8.62
MCO,2001,80.1
ISL,2001,80.64
JPN,2001,80.96
CUB,2001,81.22
WSM,2001,81.31
OMN,2001,82.03
SWE,2001,82.15
HRV,2001,82.2
NOR,2001,82.8
BRN,2001,83.19
DNK,2001,83.41
LUX,2001,84.05
CZE,2001,87.45
SVK,2001,88.14
SLB,2001,91.22
COK,2001,91.59
TUV,2001,92.02
KIR,2001,96.3
NIU,2001,99.64
TGO,2000,10.41
GEO,2000,11.41
COM,2000,11.87
MMR,2000,13.16
MRT,2000,13.9
GNQ,2000,14.86
NPL,2000,15.51
CMR,2000,15.69
LBR,2000,17.54
SLE,2000,18.04
RWA,2000,18.07
NGA,2000,18.31
KHM,2000,19.77
IND,2000,20.68
TJK,2000,20.75
HTI,2000,21.82
TZA,2000,21.84
CHN,2000,21.98
FSM,2000,22.51
ARM,2000,22.75
MLI,2000,23.66
BDI,2000,23.72
NER,2000,24.25
UGA,2000,24.97
MAR,2000,25.36
BEN,2000,26.01
KEN,2000,27.55
GHA,2000,27.8
BGD,2000,28.17
CHE,2000,28.57
LAO,2000,28.84
ECU,2000,28.85
AZE,2000,29.4
IDN,2000,29.67
LBN,2000,29.82
BFA,2000,32.58
STP,2000,32.74
MDV,2000,33.15
SDN,2000,33.83
COG,2000,34.2
LCA,2000,34.41
GRD,2000,34.72
VNM,2000,34.9
DOM,2000,35.02
EGY,2000,35.19
PAK,2000,35.22
SEN,2000,35.29
GTM,2000,35.44
SYR,2000,35.53
ERI,2000,35.59
CHL,2000,35.79
SGP,2000,36.33
ZAF,2000,36.59
GAB,2000,36.66
TTO,2000,37.0
IRN,2000,37.71
TCD,2000,38.03
PRY,2000,38.63
UZB,2000,39.1
MDG,2000,39.55
BHS,2000,39.58
COD,2000,4.01
CAF,2000,40.24
CYP,2000,41.08
ETH,2000,41.23
URY,2000,41.55
BRA,2000,41.64
KNA,2000,41.92
USA,2000,44.39
PHL,2000,44.4
ZMB,2000,44.48
JOR,2000,44.98
MEX,2000,45.22
VEN,2000,45.87
ALB,2000,46.53
TKM,2000,46.65
MYS,2000,46.66
GNB,2000,46.68
BLZ,2000,46.95
UKR,2000,47.32
DJI,2000,48.01
HND,2000,48.23
KGZ,2000,48.35
SUR,2000,48.39
LBY,2000,48.71
MDA,2000,48.95
NIC,2000,49.0
SLV,2000,50.27
NAM,2000,50.33
KOR,2000,50.33
LVA,2000,50.75
YEM,2000,50.83
KAZ,2000,50.95
BIH,2000,51.06
MOZ,2000,51.31
BRB,2000,51.85
MWI,2000,51.87
SWZ,2000,52.3
TUN,2000,52.67
PER,2000,53.02
MKD,2000,53.12
PLW,2000,53.13
MUS,2000,53.53
LKA,2000,53.63
ARG,2000,54.73
BWA,2000,54.82
THA,2000,55.19
MHL,2000,55.25
BOL,2000,55.33
GUY,2000,56.11
LSO,2000,56.41
JAM,2000,56.47
ATG,2000,57.85
AGO,2000,58.21
RUS,2000,59.36
QAT,2000,59.52
BGR,2000,59.56
GIN,2000,6.34
GRC,2000,61.63
TUR,2000,61.68
ISR,2000,63.1
DMA,2000,63.12
PAN,2000,64.54
CRI,2000,64.92
SRB,2000,65.43
AND,2000,65.53
LTU,2000,67.26
POL,2000,68.21
ARE,2000,68.83
HUN,2000,68.85
NLD,2000,68.91
PRT,2000,69.74
VCT,2000,69.89
BHR,2000,71.09
CPV,2000,71.3
SVN,2000,71.39
ESP,2000,71.64
MLT,2000,71.79
AUS,2000,71.84
DZA,2000,71.96
SAU,2000,72.05
KWT,2000,72.54
ITA,2000,72.64
FRA,2000,72.73
CAN,2000,72.85
SMR,2000,73.77
AUT,2000,74.16
MNG,2000,74.28
NZL,2000,74.49
BEL,2000,74.53
COL,2000,74.53
VUT,2000,74.68
FIN,2000,75.73
EST,2000,76.06
GBR,2000,76.58
FJI,2000,76.84
IRL,2000,77.51
DEU,2000,78.2
BLR,2000,78.67
ROU,2000,79.26
TON,2000,79.32
BTN,2000,79.67
MCO,2000,80.03
JPN,2000,80.43
ISL,2000,80.78
NOR,2000,81.68
OMN,2000,81.75
SYC,2000,82.11
DNK,2000,83.11
LUX,2000,83.25
WSM,2000,83.56
CUB,2000,83.7
BRN,2000,84.17
PNG,2000,84.3
SWE,2000,84.48
HRV,2000,85.03
SVK,2000,87.48
NRU,2000,87.88
CZE,2000,88.7
GMB,2000,9.04
CIV,2000,9.58
SLB,2000,92.08
COK,2000,92.88
KIR,2000,96.68
NIU,2000,98.45
TUV,2000,99.46
