Variant,"Region, subregion, country or area *",Notes,Location code,ISO3 Alpha-code,ISO2 Alpha-code,SDMX code**,Type,Parent code,Year,"Total Population, as of 1 January (thousands)","Total Population, as of 1 July (thousands)","Male Population, as of 1 July (thousands)","Female Population, as of 1 July (thousands)","Population Density, as of 1 July (persons per square km)","Population Sex Ratio, as of 1 July (males per 100 females)","Median Age, as of 1 July (years)","Natural Change, Births minus Deaths (thousands)","Rate of Natural Change (per 1,000 population)",Population Change (thousands),Population Growth Rate (percentage),Population Annual Doubling Time (years),Births (thousands),Births by women aged 15 to 19 (thousands),"Crude Birth Rate (births per 1,000 population)",Total Fertility Rate (live births per woman),Net Reproduction Rate (surviving daughters per woman),Mean Age Childbearing (years),Sex Ratio at Birth (males per 100 female births),Total Deaths (thousands),Male Deaths (thousands),Female Deaths (thousands),"Crude Death Rate (deaths per 1,000 population)","Life Expectancy at Birth, both sexes (years)",Male Life Expectancy at Birth (years),Female Life Expectancy at Birth (years),"Life Expectancy at Age 15, both sexes (years)",Male Life Expectancy at Age 15 (years),Female Life Expectancy at Age 15 (years),"Life Expectancy at Age 65, both sexes (years)",Male Life Expectancy at Age 65 (years),Female Life Expectancy at Age 65 (years),"Life Expectancy at Age 80, both sexes (years)",Male Life Expectancy at Age 80 (years),Female Life Expectancy at Age 80 (years),"Infant Deaths, under age 1 (thousands)","Infant Mortality Rate (infant deaths per 1,000 live births)",Live Births Surviving to Age 1 (thousands),"Under-Five Deaths, under age 5 (thousands)","Under-Five Mortality (deaths under age 5 per 1,000 live births)","Mortality before Age 40, both sexes (deaths under age 40 per 1,000 live births)","Male Mortality before Age 40 (deaths under age 40 per 1,000 male live births)","Female Mortality before Age 40 (deaths under age 40 per 1,000 female live births)","Mortality before Age 60, both sexes (deaths under age 60 per 1,000 live births)","Male Mortality before Age 60 (deaths under age 60 per 1,000 male live births)","Female Mortality before Age 60 (deaths under age 60 per 1,000 female live births)","Mortality between Age 15 and 50, both sexes (deaths under age 50 per 1,000 alive at age 15)","Male Mortality between Age 15 and 50 (deaths under age 50 per 1,000 males alive at age 15)","Female Mortality between Age 15 and 50 (deaths under age 50 per 1,000 females alive at age 15)","Mortality between Age 15 and 60, both sexes (deaths under age 60 per 1,000 alive at age 15)","Male Mortality between Age 15 and 60 (deaths under age 60 per 1,000 males alive at age 15)","Female Mortality between Age 15 and 60 (deaths under age 60 per 1,000 females alive at age 15)",Net Number of Migrants (thousands),"Net Migration Rate (per 1,000 population)"
Estimates,Land-locked Developing Countries (LLDC),h,1636,,,432.0,Special other,1803,1950.0,102637.674,103789.039,51370.683,52418.357,6.288,98.001,19.022,2179.741,21.007,2302.73,2.219,31.237,4766.537,617.915,45.936,6.224,1.821,29.64,104.5,2586.796,1369.887,1216.909,24.929,39.484,37.684,41.381,44.525,42.792,46.335,10.902,10.27,11.512,4.855,4.543,5.112,850.739,180.982,4179.29,1388.489,305.394,473.607,492.255,454.75,632.51,666.863,596.541,293.21,321.966,264.908,435.264,478.671,390.999,122.95,1.185
Estimates,Land-locked Developing Countries (LLDC),h,1636,,,432.0,Special other,1803,1951.0,104940.404,106118.084,52502.647,53615.438,6.429,97.924,19.001,2248.911,21.2,2355.361,2.22,31.223,4876.926,625.468,45.973,6.223,1.834,29.651,104.6,2628.015,1392.355,1235.66,24.773,39.798,37.981,41.713,44.627,42.882,46.444,10.919,10.278,11.538,4.862,4.541,5.124,869.662,179.38,4281.266,1414.19,300.94,469.188,487.9,450.239,628.604,663.374,592.365,291.498,320.199,263.239,432.968,476.675,388.673,106.505,1.004
Estimates,Land-locked Developing Countries (LLDC),h,1636,,,432.0,Special other,1803,1952.0,107295.765,108502.602,53661.933,54840.668,6.574,97.851,18.951,2337.097,21.543,2413.673,2.225,31.153,4991.008,637.541,46.007,6.225,1.852,29.662,104.6,2653.911,1405.785,1248.126,24.464,40.209,38.38,42.13,44.737,42.988,46.551,10.95,10.31,11.564,4.878,4.558,5.133,876.145,176.673,4390.553,1425.143,295.166,463.534,482.267,444.546,623.715,658.836,587.309,289.76,318.307,261.627,430.519,474.373,386.365,76.48,0.705
Estimates,Land-locked Developing Countries (LLDC),h,1636,,,432.0,Special other,1803,1953.0,109709.438,110938.664,54847.1,56091.565,6.721,97.781,18.881,2429.228,21.896,2458.453,2.216,31.279,5107.861,654.118,46.04,6.23,1.87,29.673,104.6,2678.633,1418.59,1260.043,24.144,40.613,38.771,42.543,44.899,43.14,46.715,10.983,10.34,11.597,4.887,4.568,5.138,884.315,174.241,4501.701,1437.988,290.266,457.831,476.529,438.866,618.37,653.915,581.724,286.933,315.322,258.937,426.842,470.991,382.673,29.235,0.264
Estimates,Land-locked Developing Countries (LLDC),h,1636,,,432.0,Special other,1803,1954.0,112167.891,113439.129,56064.336,57374.793,6.873,97.716,18.815,2520.428,22.217,2542.476,2.241,30.93,5222.369,669.74,46.033,6.234,1.888,29.686,104.6,2701.941,1431.333,1270.608,23.816,40.999,39.13,42.954,45.025,43.236,46.867,11.023,10.369,11.646,4.91,4.583,5.164,890.254,171.536,4612.153,1448.476,285.458,452.497,471.399,433.31,613.563,649.797,576.356,284.925,313.598,256.624,424.065,468.905,379.418,22.037,0.194
Estimates,Land-locked Developing Countries (LLDC),h,1636,,,432.0,Special other,1803,1955.0,114710.367,116031.086,57327.406,58703.68,7.03,97.656,18.761,2624.332,22.615,2641.437,2.277,30.441,5348.291,686.036,46.088,6.248,1.908,29.698,104.6,2723.959,1442.963,1280.996,23.473,41.41,39.524,43.379,45.196,43.385,47.055,11.059,10.394,11.69,4.922,4.587,5.183,897.921,169.019,4732.406,1459.767,280.976,446.634,465.561,427.414,608.032,644.777,570.458,281.886,310.637,253.517,420.207,465.528,375.288,17.121,0.148
Estimates,Land-locked Developing Countries (LLDC),h,1636,,,432.0,Special other,1803,1956.0,117351.804,118731.661,58646.213,60085.448,7.193,97.605,18.717,2739.591,23.071,2759.714,2.324,29.826,5488.356,704.903,46.219,6.274,1.932,29.689,104.6,2748.765,1456.078,1292.687,23.148,41.801,39.893,43.789,45.331,43.492,47.211,11.094,10.426,11.725,4.934,4.601,5.192,905.466,166.206,4866.753,1470.422,276.286,441.113,460.243,421.679,603.026,640.382,564.938,279.564,308.653,250.881,417.199,463.122,371.827,20.165,0.17
Estimates,Land-locked Developing Countries (LLDC),h,1636,,,432.0,Special other,1803,1957.0,120111.518,121481.036,59990.459,61490.577,7.36,97.56,18.682,2722.056,22.405,2739.036,2.255,30.738,5631.107,719.001,46.349,6.303,1.904,29.679,104.6,2909.051,1537.979,1371.072,23.944,40.886,39.015,42.833,44.903,43.038,46.808,10.951,10.294,11.568,4.898,4.564,5.156,952.698,170.103,4978.704,1559.609,284.32,453.031,472.121,433.665,615.792,653.123,577.746,286.534,316.956,256.534,426.615,473.838,379.912,16.915,0.139
Estimates,Land-locked Developing Countries (LLDC),h,1636,,,432.0,Special other,1803,1958.0,122850.554,124255.52,61347.295,62908.225,7.528,97.519,18.633,2846.162,22.898,2809.932,2.262,30.643,5777.744,730.24,46.483,6.34,1.931,29.67,104.6,2931.582,1550.396,1381.186,23.585,41.27,39.369,43.246,44.979,43.079,46.917,11.003,10.338,11.626,4.924,4.585,5.185,957.811,166.972,5120.486,1564.581,278.902,447.992,467.494,428.197,611.432,649.411,572.765,285.697,316.644,255.219,424.975,472.782,377.743,-36.174,-0.291
Estimates,Land-locked Developing Countries (LLDC),h,1636,,,432.0,Special other,1803,1959.0,125660.486,127232.349,62806.736,64425.614,7.708,97.487,18.545,3103.723,24.393,3143.727,2.471,28.051,5922.114,744.228,46.543,6.377,2.013,29.644,104.6,2818.391,1493.937,1324.454,22.15,42.979,40.992,45.041,45.676,43.751,47.632,11.221,10.525,11.868,4.994,4.643,5.262,926.655,157.818,5284.744,1495.771,261.619,424.86,444.847,404.532,588.422,627.506,548.746,273.957,304.185,244.289,409.607,457.003,362.993,40.075,0.315
Estimates,Land-locked Developing Countries (LLDC),h,1636,,,432.0,Special other,1803,1960.0,128804.213,130444.34,64385.526,66058.814,7.903,97.467,18.419,3222.921,24.708,3280.253,2.515,27.561,6070.886,758.469,46.541,6.416,2.042,29.633,104.6,2847.965,1508.92,1339.045,21.833,43.386,41.389,45.452,45.812,43.877,47.77,11.253,10.556,11.896,5.003,4.654,5.27,935.847,155.222,5428.137,1509.602,256.952,419.086,439.068,398.753,583.152,622.489,543.263,271.41,301.671,241.745,406.59,454.053,359.949,57.289,0.439
Estimates,Land-locked Developing Countries (LLDC),h,1636,,,432.0,Special other,1803,1961.0,132084.466,133812.536,66044.119,67768.417,8.107,97.456,18.267,3333.043,24.915,3456.14,2.583,26.835,6202.976,772.965,46.369,6.438,2.067,29.618,104.6,2869.933,1519.326,1350.607,21.454,43.838,41.839,45.902,46.011,44.079,47.958,11.308,10.615,11.941,5.022,4.682,5.281,941.869,152.762,5556.581,1520.407,252.466,412.785,432.651,392.552,576.949,616.334,537.076,267.861,297.858,238.478,402.314,449.502,356.011,123.104,0.92
Estimates,Land-locked Developing Countries (LLDC),h,1636,,,432.0,Special other,1803,1962.0,135540.606,137300.729,67765.639,69535.091,8.318,97.455,18.081,3426.313,24.959,3520.247,2.564,27.034,6322.864,785.258,46.06,6.444,2.083,29.626,104.6,2896.551,1531.538,1365.013,21.101,44.227,42.243,46.268,46.183,44.272,48.102,11.345,10.65,11.975,5.029,4.69,5.286,947.177,150.611,5673.221,1531.11,248.597,407.315,426.684,387.576,571.587,610.619,532.155,264.655,293.875,236.058,398.597,445.076,353.073,93.937,0.684
Estimates,Land-locked Developing Countries (LLDC),h,1636,,,432.0,Special other,1803,1963.0,139060.853,140860.067,69522.407,71337.66,8.534,97.455,17.872,3489.356,24.778,3598.428,2.555,27.129,6423.216,802.268,45.612,6.43,2.091,29.62,104.6,2933.86,1553.334,1380.526,20.834,44.462,42.408,46.579,46.223,44.211,48.248,11.376,10.669,12.01,5.046,4.704,5.304,951.924,148.856,5770.982,1543.183,245.68,404.306,424.892,383.245,568.927,609.306,527.949,264.22,295.366,233.546,397.851,446.109,350.306,109.061,0.774
Estimates,Land-locked Developing Countries (LLDC),h,1636,,,432.0,Special other,1803,1964.0,142659.281,144535.277,71336.812,73198.465,8.757,97.457,17.689,3586.824,24.827,3751.991,2.596,26.701,6522.225,831.395,45.146,6.406,2.102,29.607,104.6,2935.401,1551.7,1383.701,20.319,45.032,43.007,47.11,46.592,44.631,48.552,11.461,10.74,12.101,5.076,4.73,5.338,952.63,146.692,5869.608,1544.119,241.634,396.258,415.737,376.333,560.265,599.919,520.202,257.405,286.771,228.564,390.224,437.069,344.293,165.105,1.143
Estimates,Land-locked Developing Countries (LLDC),h,1636,,,432.0,Special other,1803,1965.0,146411.272,148304.312,73198.87,75105.442,8.985,97.461,17.561,3643.611,24.577,3786.08,2.553,27.15,6630.779,866.239,44.727,6.379,2.099,29.596,104.6,2987.168,1579.074,1408.094,20.15,45.114,43.056,47.226,46.551,44.532,48.572,11.479,10.765,12.104,5.09,4.755,5.342,959.572,145.352,5973.393,1559.877,239.873,395.526,415.813,374.727,559.906,600.321,518.963,258.406,289.159,228.048,391.285,439.26,344.058,142.478,0.961
Estimates,Land-locked Developing Countries (LLDC),h,1636,,,432.0,Special other,1803,1966.0,150197.352,152094.888,75069.121,77025.766,9.215,97.46,17.472,3646.682,23.986,3795.071,2.495,27.781,6735.631,899.485,44.303,6.343,2.076,29.581,104.5,3088.949,1633.366,1455.583,20.317,44.764,42.673,46.914,46.34,44.241,48.447,11.442,10.712,12.074,5.086,4.746,5.341,981.438,146.229,6063.888,1605.011,242.378,400.472,421.531,378.858,565.448,606.752,523.483,262.008,294.51,229.768,396.097,445.815,346.944,148.344,0.976
Estimates,Land-locked Developing Countries (LLDC),h,1636,,,432.0,Special other,1803,1967.0,153992.423,155967.031,76981.486,78985.545,9.449,97.463,17.404,3787.139,24.291,3949.216,2.532,27.375,6853.049,929.951,43.956,6.309,2.093,29.56,104.5,3065.91,1621.234,1444.676,19.665,45.492,43.382,47.657,46.674,44.588,48.76,11.547,10.803,12.186,5.12,4.778,5.376,970.434,142.354,6187.36,1581.225,235.518,391.103,412.099,369.56,555.277,596.628,513.397,256.294,287.986,224.891,388.971,437.967,340.725,162.095,1.04
Estimates,Land-locked Developing Countries (LLDC),h,1636,,,432.0,Special other,1803,1968.0,157941.639,159957.096,78955.961,81001.135,9.691,97.475,17.364,3875.45,24.237,4030.914,2.52,27.506,6980.356,961.929,43.655,6.275,2.091,29.538,104.5,3104.906,1640.853,1464.053,19.418,45.73,43.622,47.888,46.819,44.746,48.888,11.598,10.841,12.242,5.143,4.796,5.401,979.74,141.059,6308.375,1596.937,233.655,388.169,408.938,366.879,551.785,592.964,510.189,253.584,284.734,222.735,386.045,434.609,338.371,155.536,0.973
Estimates,Land-locked Developing Countries (LLDC),h,1636,,,432.0,Special other,1803,1969.0,161972.553,163991.683,80952.66,83039.023,9.935,97.487,17.346,3977.75,24.257,4038.26,2.463,28.142,7130.43,1005.12,43.482,6.248,2.089,29.487,104.5,3152.68,1665.926,1486.754,19.225,45.913,43.791,48.083,46.93,44.836,49.018,11.648,10.872,12.302,5.165,4.811,5.426,990.691,139.762,6450.222,1617.255,232.126,386.127,406.993,364.75,549.179,590.563,507.419,251.663,282.935,220.652,383.895,432.674,336.044,60.463,0.369
Estimates,Land-locked Developing Countries (LLDC),h,1636,,,432.0,Special other,1803,1970.0,166010.813,168032.011,82948.561,85083.449,10.18,97.491,17.328,4100.026,24.392,4042.395,2.406,28.809,7295.528,1043.456,43.403,6.238,2.094,29.482,104.5,3195.502,1687.174,1508.328,19.011,46.159,44.045,48.317,47.078,44.988,49.157,11.69,10.904,12.349,5.18,4.824,5.442,1001.817,138.192,6607.252,1636.194,230.047,383.029,403.61,361.97,545.553,586.777,504.024,248.976,279.858,218.326,380.878,429.389,333.357,-57.632,-0.343
Estimates,Land-locked Developing Countries (LLDC),h,1636,,,432.0,Special other,1803,1971.0,170053.208,172065.786,84937.418,87128.368,10.425,97.485,17.302,4228.969,24.559,4025.156,2.339,29.634,7466.93,1078.626,43.363,6.232,2.1,29.475,104.5,3237.961,1708.599,1529.362,18.804,46.417,44.308,48.565,47.24,45.163,49.303,11.744,10.94,12.414,5.203,4.842,5.468,1013.6,136.626,6770.231,1656.224,227.859,379.737,399.881,359.15,541.863,582.804,500.666,246.156,276.272,216.248,377.771,425.735,330.844,-203.809,-1.184
Estimates,Land-locked Developing Countries (LLDC),h,1636,,,432.0,Special other,1803,1972.0,174078.364,176054.969,86902.932,89152.037,10.666,97.477,17.271,4264.086,24.195,3953.21,2.246,30.861,7635.551,1108.214,43.325,6.228,2.081,29.477,104.5,3371.465,1780.462,1591.003,19.13,45.891,43.745,48.085,46.795,44.666,48.916,11.728,10.912,12.406,5.208,4.841,5.476,1036.597,136.558,6923.391,1702.708,228.92,388.562,409.952,366.66,551.404,592.626,509.685,255.388,286.744,224.052,387.686,436.214,339.929,-310.802,-1.764
Estimates,Land-locked Developing Countries (LLDC),h,1636,,,432.0,Special other,1803,1973.0,178031.574,180173.052,88939.19,91233.861,10.916,97.485,17.248,4437.846,24.617,4282.955,2.377,29.161,7781.731,1126.415,43.166,6.208,2.098,29.482,104.5,3343.885,1757.705,1586.18,18.549,46.732,44.708,48.78,47.474,45.524,49.388,11.819,11.017,12.479,5.227,4.872,5.484,1040.488,134.425,7067.024,1704.541,224.696,376.053,394.637,357.115,537.189,575.796,498.509,242.45,269.408,215.673,373.292,417.797,329.989,-154.871,-0.859
Estimates,Land-locked Developing Countries (LLDC),h,1636,,,432.0,Special other,1803,1974.0,182314.529,184504.968,91090.262,93414.705,11.178,97.512,17.243,4534.055,24.561,4380.878,2.375,29.185,7969.003,1160.58,43.167,6.199,2.091,29.477,104.5,3434.948,1804.131,1630.817,18.606,46.675,44.66,48.712,47.594,45.617,49.539,11.809,10.987,12.484,5.232,4.868,5.495,1073.263,135.491,7231.326,1764.067,227.022,376.088,394.319,357.539,536.961,575.571,498.244,239.532,266.694,212.462,370.978,415.987,327.062,-153.177,-0.83
Estimates,Land-locked Developing Countries (LLDC),h,1636,,,432.0,Special other,1803,1975.0,186695.407,188897.705,93270.361,95627.344,11.444,97.535,17.243,4676.966,24.738,4404.596,2.332,29.723,8158.117,1187.321,43.15,6.185,2.095,29.483,104.5,3481.151,1828.214,1652.937,18.412,46.924,44.902,48.967,47.724,45.759,49.652,11.859,11.034,12.534,5.252,4.888,5.511,1085.528,133.936,7411.447,1781.189,224.292,373.228,391.481,354.645,533.453,571.882,494.864,237.922,264.604,211.291,368.315,412.725,324.946,-272.345,-1.44
Estimates,Land-locked Developing Countries (LLDC),h,1636,,,432.0,Special other,1803,1976.0,191100.003,193370.125,95483.042,97887.082,11.715,97.544,17.249,4896.16,25.292,4540.243,2.348,29.521,8349.804,1217.592,43.133,6.17,2.123,29.482,104.5,3453.644,1818.701,1634.943,17.841,47.707,45.589,49.853,47.995,45.938,50.021,11.959,11.121,12.642,5.284,4.914,5.545,1074.235,129.601,7609.798,1750.864,216.07,363.511,383.165,343.453,522.901,562.987,482.432,234.356,262.674,205.976,362.323,408.243,317.212,-355.941,-1.839
Estimates,Land-locked Developing Countries (LLDC),h,1636,,,432.0,Special other,1803,1977.0,195640.246,197743.255,97633.231,100110.024,11.98,97.526,17.271,5042.315,25.441,4206.018,2.127,32.588,8546.118,1251.865,43.12,6.155,2.128,29.486,104.5,3503.803,1846.528,1657.275,17.679,47.966,45.815,50.149,48.113,46.017,50.181,11.981,11.124,12.677,5.29,4.909,5.557,1087.583,128.111,7797.236,1770.901,213.434,360.105,380.06,339.733,519.033,559.77,477.828,232.508,261.36,203.56,359.526,406.145,313.618,-836.307,-4.22
Estimates,Land-locked Developing Countries (LLDC),h,1636,,,432.0,Special other,1803,1978.0,199846.264,202099.896,99747.666,102352.23,12.244,97.455,17.304,5160.424,25.488,4507.263,2.23,31.083,8715.153,1275.777,43.046,6.128,2.13,29.503,104.5,3554.729,1881.326,1673.403,17.558,48.141,45.847,50.486,48.125,45.837,50.409,12.003,11.12,12.72,5.31,4.918,5.582,1097.462,126.749,7959.332,1788.019,211.15,358.096,380.439,335.225,516.971,560.781,472.239,232.827,265.53,199.811,359.105,409.774,308.635,-653.124,-3.226
Estimates,Land-locked Developing Countries (LLDC),h,1636,,,432.0,Special other,1803,1979.0,204353.527,206236.12,101755.724,104480.395,12.495,97.392,17.331,5341.389,25.796,3765.186,1.826,37.96,8925.551,1317.614,43.105,6.11,2.138,29.48,104.5,3584.162,1897.047,1687.115,17.309,48.535,46.232,50.891,48.305,46.008,50.598,12.05,11.156,12.774,5.337,4.934,5.616,1102.194,124.448,8165.247,1795.41,207.398,352.804,375.028,330.088,511.352,555.362,466.342,230.042,262.646,197.154,355.263,405.964,304.645,-1576.216,-7.612
Estimates,Land-locked Developing Countries (LLDC),h,1636,,,432.0,Special other,1803,1980.0,208118.713,209827.644,103595.206,106232.439,12.712,97.517,17.354,5478.792,25.979,3417.863,1.629,42.55,9072.855,1332.736,43.021,6.079,2.14,29.483,104.5,3594.063,1899.556,1694.507,17.042,48.947,46.669,51.271,48.548,46.279,50.805,12.112,11.22,12.829,5.374,4.966,5.651,1104.311,122.539,8311.368,1798.168,204.146,347.456,369.163,325.304,504.966,548.375,460.611,226.178,258.03,194.134,350.023,399.812,300.33,-2060.919,-9.772
Estimates,Land-locked Developing Countries (LLDC),h,1636,,,432.0,Special other,1803,1981.0,211536.576,213449.057,105455.07,107993.987,12.932,97.649,17.375,5654.11,26.37,3824.962,1.792,38.68,9227.881,1340.433,43.038,6.057,2.151,29.468,104.5,3573.771,1887.532,1686.239,16.668,49.477,47.203,51.788,48.821,46.56,51.06,12.183,11.284,12.902,5.421,4.999,5.702,1095.564,119.684,8470.463,1782.581,199.611,340.302,361.503,318.623,497.235,540.568,453.135,221.689,252.962,190.327,344.367,393.812,295.214,-1829.221,-8.531
Estimates,Land-locked Developing Countries (LLDC),h,1636,,,432.0,Special other,1803,1982.0,215361.538,218002.277,107715.611,110286.666,13.208,97.669,17.395,5788.075,26.514,5281.478,2.423,28.607,9386.068,1356.851,42.996,6.029,2.155,29.45,104.5,3597.993,1905.623,1692.37,16.482,49.733,47.353,52.161,48.779,46.395,51.155,12.191,11.29,12.909,5.443,5.013,5.723,1087.404,116.707,8633.912,1772.189,195.11,337.097,360.286,313.334,494.908,540.378,448.309,222.946,256.914,188.771,345.246,397.186,293.2,-506.569,-2.321
Estimates,Land-locked Developing Countries (LLDC),h,1636,,,432.0,Special other,1803,1983.0,220643.016,223297.495,110345.418,112952.077,13.528,97.692,17.406,5709.718,25.543,5308.959,2.378,29.148,9648.119,1387.765,43.161,6.019,2.092,29.434,104.5,3938.401,2077.365,1861.036,17.618,48.1,45.83,50.418,48.07,45.728,50.409,11.954,11.069,12.66,5.385,4.957,5.66,1181.712,123.284,8832.12,1957.787,208.851,357.715,380.226,334.69,518.017,561.905,472.926,233.866,268.084,199.439,360.154,411.792,308.186,-400.752,-1.793
Estimates,Land-locked Developing Countries (LLDC),h,1636,,,432.0,Special other,1803,1984.0,225951.975,228883.986,113107.621,115776.365,13.867,97.695,17.393,5874.563,25.66,5864.022,2.562,27.055,9917.476,1425.121,43.319,6.015,2.095,29.388,104.6,4042.913,2138.022,1904.891,17.659,47.981,45.619,50.408,47.728,45.263,50.211,11.892,11.028,12.577,5.363,4.949,5.625,1194.121,121.403,9090.76,1978.308,206.031,359.3,384.22,333.729,522.229,568.167,474.574,240.498,278.094,202.454,367.54,421.874,312.264,-10.667,-0.047
Estimates,Land-locked Developing Countries (LLDC),h,1636,,,432.0,Special other,1803,1985.0,231815.997,234644.475,115951.318,118693.157,14.216,97.69,17.364,6123.014,26.064,5656.955,2.411,28.749,10187.296,1462.117,43.364,6.0,2.107,29.349,104.6,4064.282,2143.744,1920.538,17.3,48.486,46.191,50.833,47.908,45.534,50.287,11.936,11.091,12.602,5.383,4.973,5.64,1199.145,118.607,9356.868,1977.183,200.618,351.943,375.692,327.643,515.76,560.354,469.662,237.62,273.357,201.597,364.093,416.384,311.06,-466.026,-1.984
Estimates,Land-locked Developing Countries (LLDC),h,1636,,,432.0,Special other,1803,1986.0,237472.952,240409.382,118785.589,121623.793,14.565,97.666,17.333,6370.764,26.467,5872.86,2.443,28.373,10418.536,1485.243,43.284,5.976,2.118,29.33,104.6,4047.772,2125.037,1922.735,16.817,49.203,47.04,51.393,48.326,46.14,50.49,12.037,11.211,12.684,5.43,5.025,5.685,1197.683,115.712,9588.952,1968.306,195.027,341.976,363.159,320.396,505.137,546.742,462.514,230.599,262.048,199.141,355.674,403.614,307.519,-497.978,-2.069
Estimates,Land-locked Developing Countries (LLDC),h,1636,,,432.0,Special other,1803,1987.0,243345.812,246591.785,121802.185,124789.601,14.94,97.606,17.289,6725.592,27.257,6491.946,2.633,26.325,10626.132,1510.603,43.064,5.927,2.155,29.291,104.6,3900.54,2054.603,1845.937,15.807,50.546,48.288,52.836,48.529,46.332,50.701,12.236,11.404,12.883,5.497,5.085,5.757,1119.665,106.16,9847.687,1822.574,177.575,326.001,348.548,302.961,490.273,532.732,446.712,230.565,261.732,199.343,352.532,399.739,305.148,-233.564,-0.947
Estimates,Land-locked Developing Countries (LLDC),h,1636,,,432.0,Special other,1803,1988.0,249837.758,253190.063,125016.931,128173.133,15.339,97.538,17.238,6680.08,26.383,6704.61,2.648,26.176,10796.547,1553.635,42.641,5.854,2.101,29.229,104.5,4116.467,2150.097,1966.37,16.258,49.968,47.938,52.008,48.578,46.585,50.53,12.086,11.254,12.736,5.46,5.033,5.736,1193.71,110.872,9971.6,1970.164,186.681,330.28,348.621,311.68,496.117,534.819,456.838,225.933,252.766,199.224,351.758,395.378,308.39,24.517,0.097
Estimates,Land-locked Developing Countries (LLDC),h,1636,,,432.0,Special other,1803,1989.0,256542.368,259936.621,128351.459,131585.161,15.748,97.543,17.191,7019.27,26.988,6788.506,2.612,26.537,10972.732,1596.645,42.189,5.776,2.13,29.152,104.5,3953.462,2074.948,1878.514,15.201,51.38,49.211,53.568,48.916,46.854,50.94,12.255,11.412,12.909,5.495,5.064,5.772,1120.683,102.725,10194.233,1825.745,170.669,312.848,332.971,292.352,478.575,519.277,437.093,222.557,250.25,194.888,344.908,389.364,300.605,-230.746,-0.887
Estimates,Land-locked Developing Countries (LLDC),h,1636,,,432.0,Special other,1803,1990.0,263330.874,266425.357,131597.869,134827.489,16.141,97.605,17.141,7126.185,26.698,6188.967,2.323,29.838,11185.721,1670.401,41.906,5.719,2.112,29.032,104.5,4059.536,2136.019,1923.517,15.208,51.246,49.012,53.512,48.627,46.477,50.753,12.194,11.351,12.85,5.462,5.029,5.737,1132.405,101.766,10398.86,1847.615,169.088,314.402,335.992,292.373,482.652,524.911,439.389,227.684,257.542,197.734,351.276,397.751,304.716,-937.3,-3.511
Estimates,Land-locked Developing Countries (LLDC),h,1636,,,432.0,Special other,1803,1991.0,269519.841,273390.514,135100.933,138289.582,16.563,97.694,17.1,7254.674,26.557,7741.347,2.832,24.476,11344.409,1711.08,41.528,5.656,2.098,28.942,104.5,4089.735,2144.76,1944.975,14.971,51.515,49.385,53.668,48.681,46.664,50.663,12.17,11.344,12.815,5.422,4.993,5.692,1130.418,100.111,10558.357,1841.441,165.879,309.928,329.583,289.911,479.444,519.77,438.393,226.001,253.081,198.963,350.266,394.151,306.58,486.64,1.781
Estimates,Land-locked Developing Countries (LLDC),h,1636,,,432.0,Special other,1803,1992.0,277261.188,281538.622,139176.924,142361.698,17.057,97.763,17.051,7291.738,25.956,8554.868,3.039,22.808,11534.831,1739.917,41.06,5.582,2.065,28.905,104.5,4243.093,2233.234,2009.859,15.104,51.112,48.92,53.344,48.132,46.031,50.218,12.113,11.27,12.781,5.388,4.936,5.678,1139.587,99.106,10743.058,1859.048,164.188,316.212,337.436,294.559,488.989,530.597,446.385,236.778,265.932,207.551,362.49,408.106,316.779,1263.145,4.496
Estimates,Land-locked Developing Countries (LLDC),h,1636,,,432.0,Special other,1803,1993.0,285816.056,289123.156,142945.147,146178.009,17.516,97.788,16.973,7433.116,25.671,6614.2,2.288,30.295,11792.531,1843.955,40.727,5.53,2.048,28.862,104.5,4359.415,2297.537,2061.878,15.056,51.015,48.805,53.272,47.87,45.764,49.97,12.079,11.219,12.767,5.37,4.903,5.668,1150.176,97.949,10992.163,1874.947,161.936,317.614,339.074,295.723,492.675,534.603,449.685,241.672,271.155,212.138,368.458,414.281,322.492,-819.071,-2.829
Estimates,Land-locked Developing Countries (LLDC),h,1636,,,432.0,Special other,1803,1994.0,292430.256,294627.336,145659.821,148967.516,17.85,97.78,16.921,6987.501,23.612,4394.161,1.491,46.489,11885.324,1880.66,40.163,5.466,1.975,28.833,104.5,4897.823,2617.875,2279.948,16.551,48.192,45.627,50.897,44.401,41.755,47.152,11.774,10.871,12.51,5.291,4.828,5.585,1159.642,97.667,11080.075,1891.839,161.091,362.846,393.997,330.686,554.747,604.758,501.736,314.274,357.948,269.391,445.074,502.48,385.241,-2593.307,-8.763
Estimates,Land-locked Developing Countries (LLDC),h,1636,,,432.0,Special other,1803,1995.0,296824.417,300367.465,148496.509,151870.956,18.198,97.778,16.908,7684.729,25.557,7086.097,2.359,29.383,11993.9,1906.835,39.888,5.408,2.03,28.779,104.6,4309.171,2255.843,2053.328,14.331,51.98,49.944,54.038,48.368,46.452,50.255,12.086,11.248,12.762,5.339,4.887,5.626,1127.642,94.489,11207.363,1826.171,154.836,302.113,319.651,284.323,478.163,517.328,438.518,230.258,255.927,204.904,357.935,400.279,316.011,-598.735,-1.991
Estimates,Land-locked Developing Countries (LLDC),h,1636,,,432.0,Special other,1803,1996.0,303910.514,307862.516,152227.758,155634.758,18.652,97.811,16.891,7775.09,25.259,7904.004,2.568,26.992,12133.252,1975.423,39.418,5.328,2.007,28.705,104.6,4358.162,2277.034,2081.128,14.159,52.11,50.128,54.111,48.289,46.431,50.114,12.063,11.242,12.727,5.326,4.891,5.599,1123.246,92.896,11350.392,1814.177,151.858,300.073,316.915,282.993,477.712,515.801,439.242,231.306,256.121,206.875,359.884,400.912,319.356,128.684,0.418
Estimates,Land-locked Developing Countries (LLDC),h,1636,,,432.0,Special other,1803,1997.0,311814.518,315201.192,155880.715,159320.477,19.096,97.841,16.894,7883.754,24.967,6773.348,2.149,32.254,12284.768,1975.989,38.904,5.254,1.988,28.705,104.6,4401.014,2299.846,2101.168,13.937,52.315,50.338,54.309,48.28,46.434,50.094,12.099,11.283,12.762,5.347,4.92,5.616,1116.674,91.157,11503.568,1801.249,148.723,297.714,314.48,280.734,476.227,513.999,438.102,232.025,256.742,207.735,360.77,401.263,320.785,-1110.375,-3.516
Estimates,Land-locked Developing Countries (LLDC),h,1636,,,432.0,Special other,1803,1998.0,318587.866,321957.791,159241.809,162715.983,19.506,97.865,16.935,7818.595,24.243,6739.851,2.093,33.117,12395.568,1991.688,38.435,5.186,1.948,28.743,104.6,4576.973,2398.116,2178.857,14.192,51.747,49.721,53.8,47.812,45.894,49.71,12.083,11.261,12.756,5.36,4.929,5.635,1129.207,91.309,11602.715,1835.911,149.988,306.704,324.913,288.273,487.343,525.899,448.245,241.616,268.375,215.225,371.825,413.532,330.402,-1078.821,-3.345
Estimates,Land-locked Developing Countries (LLDC),h,1636,,,432.0,Special other,1803,1999.0,325327.717,329006.157,162739.433,166266.724,19.933,97.879,16.994,8153.173,24.749,7356.88,2.236,30.999,12564.912,2043.555,38.141,5.125,1.962,28.719,104.6,4411.739,2307.645,2104.094,13.392,52.995,51.016,54.992,48.381,46.512,50.223,12.171,11.356,12.842,5.379,4.956,5.651,1082.355,86.564,11797.745,1732.273,140.365,289.017,305.585,272.309,469.13,506.936,431.013,231.098,256.214,206.418,359.796,400.303,319.734,-796.321,-2.417
Estimates,Land-locked Developing Countries (LLDC),h,1636,,,432.0,Special other,1803,2000.0,332684.597,335934.41,166188.08,169746.331,20.353,97.904,17.058,8335.911,24.745,6499.627,1.935,35.822,12722.564,2051.317,37.766,5.068,1.954,28.745,104.5,4386.653,2282.093,2104.56,13.021,53.579,51.74,55.418,48.669,46.964,50.331,12.229,11.417,12.899,5.411,4.987,5.685,1061.529,83.764,11966.164,1690.119,135.304,280.906,294.657,267.051,460.711,495.277,426.189,225.604,246.756,204.973,354.004,390.489,318.291,-1836.286,-5.451
Estimates,Land-locked Developing Countries (LLDC),h,1636,,,432.0,Special other,1803,2001.0,339184.224,342941.502,169694.003,173247.5,20.777,97.949,17.128,8459.791,24.632,7514.556,2.191,31.636,12847.938,2100.15,37.409,5.0,1.939,28.72,104.5,4388.147,2275.875,2112.272,12.777,53.925,52.173,55.667,48.646,47.042,50.2,12.274,11.442,12.963,5.435,5.002,5.718,1032.894,80.756,12106.575,1636.274,129.893,276.846,288.572,265.013,458.098,490.479,425.958,227.134,245.443,209.367,355.432,389.22,322.585,-945.212,-2.752
Estimates,Land-locked Developing Countries (LLDC),h,1636,,,432.0,Special other,1803,2002.0,346698.78,351371.219,173914.987,177456.231,21.288,98.004,17.199,8660.664,24.669,9344.877,2.66,26.058,13016.882,2116.509,37.078,4.946,1.937,28.749,104.5,4356.218,2263.168,2093.05,12.409,54.547,52.744,56.346,48.942,47.279,50.559,12.301,11.476,12.985,5.437,5.014,5.715,1006.096,77.603,12289.673,1586.023,124.309,268.141,280.912,255.249,448.238,481.874,414.808,220.803,240.436,201.692,348.365,383.454,314.182,684.237,1.949
Estimates,Land-locked Developing Countries (LLDC),h,1636,,,432.0,Special other,1803,2003.0,356043.657,360444.724,178459.825,181984.899,21.837,98.063,17.283,8936.972,24.787,8802.134,2.442,28.384,13252.307,2131.062,36.756,4.893,1.935,28.785,104.5,4315.335,2238.739,2076.596,11.969,55.281,53.528,57.021,49.268,47.676,50.807,12.406,11.549,13.12,5.49,5.049,5.782,981.549,74.318,12536.997,1536.351,118.194,258.893,269.936,247.725,437.84,470.042,406.032,215.965,233.078,199.391,341.864,374.951,309.862,-134.848,-0.374
Estimates,Land-locked Developing Countries (LLDC),h,1636,,,432.0,Special other,1803,2004.0,364845.791,369046.454,182766.937,186279.517,22.359,98.114,17.385,9247.89,25.026,8401.325,2.277,30.441,13516.225,2177.178,36.577,4.845,1.936,28.762,104.5,4268.335,2219.857,2048.478,11.551,56.021,54.213,57.818,49.652,48.005,51.248,12.48,11.597,13.217,5.531,5.073,5.836,956.094,71.073,12810.008,1486.118,112.36,248.978,260.554,237.283,426.098,459.444,393.179,208.837,226.556,191.647,333.27,367.413,300.24,-846.581,-2.291
Estimates,Land-locked Developing Countries (LLDC),h,1636,,,432.0,Special other,1803,2005.0,373247.116,377754.836,187121.31,190633.525,22.886,98.158,17.495,9498.374,25.124,9015.44,2.387,29.038,13727.866,2214.019,36.312,4.787,1.931,28.75,104.5,4229.492,2206.637,2022.855,11.188,56.687,54.809,58.558,49.966,48.258,51.627,12.525,11.62,13.285,5.549,5.083,5.862,929.165,67.969,13033.123,1434.418,106.796,240.131,252.286,227.836,415.532,450.385,381.108,203.058,221.379,185.254,325.933,361.437,291.572,-482.898,-1.277
Estimates,Land-locked Developing Countries (LLDC),h,1636,,,432.0,Special other,1803,2006.0,382262.556,386852.357,191670.139,195182.218,23.437,98.201,17.605,9806.324,25.325,9179.602,2.373,29.21,13978.5,2210.182,36.099,4.74,1.932,28.771,104.5,4172.176,2182.726,1989.45,10.774,57.466,55.527,59.401,50.41,48.638,52.137,12.624,11.704,13.398,5.598,5.122,5.919,905.677,65.059,13293.574,1389.692,101.66,230.1,242.889,217.149,402.745,438.848,367.063,195.403,214.516,176.786,316.141,352.847,280.577,-626.732,-1.619
Estimates,Land-locked Developing Countries (LLDC),h,1636,,,432.0,Special other,1803,2007.0,391442.158,395642.095,196061.755,199580.34,23.97,98.237,17.689,10131.034,25.546,8399.874,2.123,32.649,14253.694,2225.704,35.941,4.701,1.934,28.784,104.5,4122.66,2159.132,1963.528,10.395,58.192,56.23,60.149,50.782,49.002,52.515,12.711,11.8,13.477,5.633,5.164,5.948,882.259,62.158,13578.911,1344.859,96.558,221.038,234.033,207.855,391.242,427.585,355.338,189.511,208.432,171.066,308.017,344.614,272.59,-1731.378,-4.366
Estimates,Land-locked Developing Countries (LLDC),h,1636,,,432.0,Special other,1803,2008.0,399842.032,404775.191,200622.15,204153.041,24.523,98.27,17.774,10368.557,25.596,9866.318,2.438,28.431,14417.235,2236.797,35.591,4.647,1.93,28.783,104.5,4048.678,2125.795,1922.883,9.995,58.964,56.941,60.98,51.23,49.398,53.014,12.829,11.913,13.596,5.693,5.215,6.014,853.702,59.359,13758.649,1296.129,91.712,211.349,225.092,197.39,378.795,416.031,341.962,182.416,202.012,163.275,298.604,335.873,262.48,-502.229,-1.24
Estimates,Land-locked Developing Countries (LLDC),h,1636,,,432.0,Special other,1803,2009.0,409708.35,414699.068,205575.162,209123.906,25.124,98.303,17.88,10675.807,25.717,9981.436,2.407,28.797,14669.146,2241.226,35.337,4.592,1.924,28.773,104.6,3993.339,2104.609,1888.73,9.62,59.696,57.599,61.793,51.654,49.75,53.512,12.928,11.998,13.71,5.729,5.241,6.058,830.694,56.841,14021.576,1254.385,87.276,202.233,216.615,187.613,366.746,405.184,328.627,175.851,196.159,155.972,289.503,327.816,252.261,-694.403,-1.673
Estimates,Land-locked Developing Countries (LLDC),h,1636,,,432.0,Special other,1803,2010.0,419689.786,424788.219,210606.994,214181.225,25.736,98.331,17.983,10955.325,25.763,10196.866,2.401,28.869,14892.643,2286.373,35.022,4.526,1.913,28.718,104.6,3937.318,2077.65,1859.668,9.259,60.429,58.302,62.552,52.09,50.154,53.98,13.015,12.097,13.786,5.762,5.278,6.088,807.39,54.399,14257.678,1210.572,82.886,192.933,207.685,177.939,354.386,393.241,315.818,168.627,189.348,148.307,279.932,318.576,242.303,-758.504,-1.784
Estimates,Land-locked Developing Countries (LLDC),h,1636,,,432.0,Special other,1803,2011.0,429886.652,435309.302,215846.347,219462.956,26.373,98.352,18.093,11223.031,25.767,10845.301,2.492,27.815,15100.395,2330.337,34.669,4.459,1.901,28.667,104.6,3877.364,2053.17,1824.194,8.902,61.175,58.979,63.37,52.561,50.554,54.524,13.118,12.184,13.902,5.801,5.309,6.133,784.663,52.119,14478.356,1169.317,78.856,183.655,199.021,168.031,341.646,381.556,301.967,161.0,182.43,139.937,269.802,309.407,231.158,-377.782,-0.867
Estimates,Land-locked Developing Countries (LLDC),h,1636,,,432.0,Special other,1803,2012.0,440731.953,446077.942,221203.116,224874.826,27.026,98.367,18.203,11483.107,25.716,10691.977,2.397,28.917,15319.812,2325.054,34.308,4.397,1.889,28.67,104.5,3836.705,2037.429,1799.276,8.592,61.834,59.584,64.086,52.945,50.881,54.966,13.193,12.242,13.994,5.824,5.327,6.161,762.327,49.905,14710.777,1128.39,74.954,175.294,190.956,159.369,330.635,371.346,290.121,154.688,176.534,133.179,261.527,301.845,222.129,-791.099,-1.772
Estimates,Land-locked Developing Countries (LLDC),h,1636,,,432.0,Special other,1803,2013.0,451423.93,456858.816,226564.225,230294.592,27.679,98.38,18.304,11713.075,25.611,10869.772,2.379,29.136,15509.676,2308.916,33.912,4.337,1.876,28.67,104.6,3796.601,2026.007,1770.594,8.301,62.449,60.111,64.795,53.31,51.163,55.42,13.276,12.294,14.104,5.854,5.339,6.204,740.156,47.831,14914.551,1090.275,71.432,167.761,184.205,151.029,320.402,362.406,278.507,148.915,171.657,126.467,253.795,295.267,213.173,-843.358,-1.844
Estimates,Land-locked Developing Countries (LLDC),h,1636,,,432.0,Special other,1803,2014.0,462293.702,467737.334,231976.147,235761.186,28.338,98.395,18.399,11951.134,25.518,10887.263,2.328,29.774,15740.674,2323.578,33.609,4.288,1.864,28.647,104.5,3789.54,2027.6,1761.94,8.091,62.9,60.515,65.295,53.547,51.341,55.72,13.335,12.329,14.183,5.881,5.352,6.242,722.688,46.032,15156.016,1059.668,68.415,162.336,179.149,145.237,313.199,355.874,270.602,145.343,168.682,122.257,248.812,291.019,207.398,-1064.044,-2.272
Estimates,Land-locked Developing Countries (LLDC),h,1636,,,432.0,Special other,1803,2015.0,473180.965,478577.579,237380.044,241197.534,28.995,98.417,18.486,12148.176,25.345,10793.227,2.255,30.738,15928.729,2326.426,33.232,4.233,1.849,28.618,104.5,3780.553,2028.023,1752.53,7.887,63.35,60.919,65.793,53.803,51.554,56.019,13.398,12.367,14.268,5.907,5.368,6.274,706.307,44.437,15354.491,1031.149,65.709,156.885,173.906,139.573,305.936,349.134,262.795,141.457,165.0,118.138,243.571,286.172,201.745,-1355.009,-2.827
Estimates,Land-locked Developing Countries (LLDC),h,1636,,,432.0,Special other,1803,2016.0,483974.192,489620.28,242901.288,246718.992,29.664,98.453,18.572,12325.51,25.144,11292.176,2.306,30.058,16064.674,2317.573,32.772,4.176,1.835,28.616,104.5,3739.164,2011.405,1727.759,7.628,63.926,61.442,66.42,54.166,51.863,56.437,13.502,12.458,14.379,5.95,5.407,6.315,687.152,42.845,15503.212,997.693,62.909,150.301,167.715,132.589,296.525,340.511,252.563,136.286,160.46,112.299,236.369,279.709,193.764,-1033.415,-2.108
Estimates,Land-locked Developing Countries (LLDC),h,1636,,,432.0,Special other,1803,2017.0,495266.368,500950.608,248574.598,252376.011,30.35,98.494,18.663,12437.387,24.8,11368.481,2.269,30.549,16182.043,2311.377,32.266,4.112,1.814,28.62,104.5,3744.656,2019.453,1725.203,7.466,64.275,61.747,66.816,54.318,51.952,56.655,13.581,12.52,14.473,5.99,5.438,6.36,668.569,41.374,15633.024,964.803,60.278,146.839,164.868,128.503,291.66,336.219,247.072,134.936,160.022,109.973,233.692,277.751,190.277,-1068.994,-2.131
Estimates,Land-locked Developing Countries (LLDC),h,1636,,,432.0,Special other,1803,2018.0,506634.849,512657.921,254429.986,258227.935,31.059,98.529,18.761,12702.048,24.756,12046.144,2.35,29.496,16458.718,2341.013,32.078,4.088,1.81,28.601,104.5,3756.67,2032.59,1724.08,7.322,64.631,62.045,67.232,54.508,52.086,56.903,13.634,12.552,14.543,6.01,5.449,6.382,656.802,40.013,15916.205,942.732,58.06,142.63,161.129,123.803,286.139,331.523,240.661,132.183,157.883,106.567,229.966,274.772,185.744,-655.971,-1.278
Estimates,Land-locked Developing Countries (LLDC),h,1636,,,432.0,Special other,1803,2019.0,518680.993,524971.858,260584.146,264387.713,31.805,98.561,18.868,12981.839,24.714,12581.731,2.397,28.917,16756.385,2384.293,31.9,4.061,1.805,28.573,104.5,3774.546,2043.901,1730.645,7.186,64.983,62.388,67.591,54.723,52.291,57.127,13.707,12.609,14.628,6.041,5.472,6.416,648.69,38.823,16218.137,926.49,56.156,138.706,156.937,120.156,280.722,325.961,235.406,129.317,154.781,103.934,226.02,270.618,182.009,-400.129,-0.762
Estimates,Land-locked Developing Countries (LLDC),h,1636,,,432.0,Special other,1803,2020.0,531262.724,537864.814,267051.492,270813.322,32.586,98.611,18.985,12926.044,24.035,13204.18,2.455,28.234,17019.576,2407.004,31.646,4.024,1.793,28.559,104.4,4093.532,2227.04,1866.492,7.611,64.061,61.39,66.793,53.584,51.058,56.133,12.787,11.597,13.822,5.6,4.954,6.046,640.241,37.712,16486.37,911.101,54.379,135.588,153.594,117.278,293.278,342.314,244.03,131.687,158.148,105.302,241.212,290.018,192.871,278.095,0.517
Estimates,Land-locked Developing Countries (LLDC),h,1636,,,432.0,Special other,1803,2021.0,544466.904,550846.427,273578.434,277267.993,33.373,98.669,19.099,12927.527,23.463,12759.047,2.316,29.929,17212.242,2434.628,31.239,3.962,1.77,28.531,104.4,4284.715,2337.83,1946.885,7.776,63.71,60.981,66.522,53.061,50.481,55.686,12.42,11.212,13.478,5.402,4.755,5.848,631.982,36.786,16684.334,896.614,52.815,135.054,154.244,115.494,298.805,349.908,247.21,135.514,163.755,107.248,248.828,299.712,198.147,-168.497,-0.306
Estimates,Small Island Developing States (SIDS),i,1637,,,722.0,Special other,1803,1950.0,23231.705,23480.047,11893.077,11586.969,19.694,102.642,18.925,554.127,23.566,496.683,2.115,32.773,957.051,138.57,40.701,5.398,1.93,28.668,104.8,402.924,217.358,185.566,17.135,48.827,47.017,50.828,48.107,46.52,49.881,11.058,10.467,11.655,4.805,4.538,5.032,131.348,138.428,865.407,193.229,207.866,333.058,352.452,312.809,503.656,536.903,466.238,214.908,238.153,189.783,352.646,388.144,312.872,-57.467,-2.444
Estimates,Small Island Developing States (SIDS),i,1637,,,722.0,Special other,1803,1951.0,23728.388,23979.757,12137.649,11842.108,20.113,102.496,18.894,568.614,23.676,502.738,2.097,33.054,975.702,141.384,40.627,5.397,1.931,28.669,104.8,407.088,219.114,187.974,16.951,48.977,47.216,50.917,48.141,46.596,49.861,11.164,10.587,11.744,4.873,4.615,5.09,132.122,136.136,883.678,194.941,204.946,332.643,351.12,313.431,502.291,534.765,465.864,216.044,238.393,192.004,352.412,387.08,313.677,-65.422,-2.724
Estimates,Small Island Developing States (SIDS),i,1637,,,722.0,Special other,1803,1952.0,24231.126,24491.382,12386.971,12104.412,20.542,102.334,18.862,598.054,24.377,520.513,2.125,32.619,996.483,144.944,40.617,5.405,1.965,28.663,104.8,398.429,214.407,184.022,16.24,49.997,48.235,51.929,48.708,47.167,50.413,11.319,10.766,11.873,4.95,4.707,5.152,130.652,131.887,905.23,191.783,197.469,318.592,337.094,299.425,487.02,519.556,450.685,206.405,228.717,182.538,340.812,375.169,302.579,-77.197,-3.147
Estimates,Small Island Developing States (SIDS),i,1637,,,722.0,Special other,1803,1953.0,24751.639,25019.069,12643.391,12375.677,20.984,102.163,18.821,625.886,24.967,534.859,2.138,32.42,1019.83,148.952,40.681,5.429,1.995,28.675,104.8,393.944,212.29,181.654,15.714,50.751,48.962,52.709,49.115,47.545,50.85,11.498,10.926,12.072,5.044,4.788,5.257,129.532,127.835,928.971,189.675,191.026,309.564,327.95,290.592,476.094,509.065,439.373,200.845,223.205,177.05,332.78,367.43,294.309,-90.756,-3.62
Estimates,Small Island Developing States (SIDS),i,1637,,,722.0,Special other,1803,1954.0,25286.498,25563.024,12907.054,12655.97,21.441,101.984,18.775,655.918,25.603,553.052,2.164,32.031,1045.04,153.457,40.791,5.462,2.028,28.667,104.8,389.122,209.742,179.38,15.188,51.559,49.766,53.516,49.562,47.995,51.285,11.696,11.116,12.274,5.143,4.887,5.353,128.161,123.472,954.788,187.333,184.335,300.184,318.283,281.572,464.206,496.997,427.838,194.956,216.789,171.86,323.911,358.008,286.211,-102.499,-4.001
Estimates,Small Island Developing States (SIDS),i,1637,,,722.0,Special other,1803,1955.0,25839.55,26124.107,13178.28,12945.827,21.911,101.796,18.725,683.886,26.115,569.113,2.179,31.81,1068.676,157.295,40.809,5.487,2.06,28.667,104.8,384.79,207.531,177.259,14.694,52.351,50.541,54.322,49.975,48.404,51.697,11.861,11.27,12.45,5.232,4.968,5.447,126.642,119.29,979.196,184.755,177.769,290.719,308.666,272.302,452.585,485.442,416.274,189.267,210.698,166.729,315.609,349.402,278.401,-114.649,-4.378
Estimates,Small Island Developing States (SIDS),i,1637,,,722.0,Special other,1803,1956.0,26408.663,26702.319,13457.204,13245.114,22.396,101.601,18.672,707.045,26.415,587.312,2.2,31.507,1089.862,159.782,40.716,5.5,2.083,28.683,104.8,382.817,206.667,176.15,14.301,52.986,51.148,54.985,50.271,48.67,52.021,11.986,11.377,12.594,5.299,5.026,5.52,125.371,115.715,1001.079,182.641,172.081,283.153,301.146,264.727,443.579,476.798,406.984,185.421,206.961,162.888,309.774,343.803,272.451,-119.453,-4.463
Estimates,Small Island Developing States (SIDS),i,1637,,,722.0,Special other,1803,1957.0,26995.975,27297.662,13744.373,13553.29,22.896,101.41,18.611,727.516,26.586,603.375,2.21,31.364,1109.177,162.346,40.533,5.505,2.102,28.705,104.8,381.661,206.266,175.395,13.947,53.574,51.705,55.604,50.575,48.949,52.348,12.087,11.457,12.716,5.358,5.069,5.589,124.491,112.788,1020.877,181.202,167.336,275.803,293.859,257.348,434.804,468.401,397.919,180.86,202.393,158.449,303.558,337.757,266.209,-123.833,-4.525
Estimates,Small Island Developing States (SIDS),i,1637,,,722.0,Special other,1803,1958.0,27599.35,27909.828,14039.92,13869.908,23.409,101.226,18.536,751.924,26.873,620.957,2.225,31.153,1132.907,164.344,40.489,5.531,2.128,28.724,104.8,380.983,206.267,174.716,13.616,54.142,52.228,56.22,50.868,49.196,52.69,12.201,11.537,12.863,5.43,5.114,5.682,123.82,109.91,1044.79,179.918,162.702,268.963,287.07,250.491,426.486,460.763,388.957,176.772,198.48,154.286,297.766,332.578,259.885,-130.636,-4.669
Estimates,Small Island Developing States (SIDS),i,1637,,,722.0,Special other,1803,1959.0,28220.307,28537.517,14343.264,14194.253,23.935,101.05,18.444,772.919,27.013,634.419,2.223,31.181,1153.535,167.25,40.316,5.541,2.148,28.747,104.8,380.616,205.973,174.643,13.303,54.679,52.771,56.745,51.132,49.477,52.929,12.292,11.621,12.96,5.482,5.16,5.737,122.979,107.139,1065.86,178.38,158.203,262.324,280.013,244.312,418.62,452.561,381.631,172.948,193.935,151.328,292.466,326.627,255.491,-138.257,-4.832
Estimates,Small Island Developing States (SIDS),i,1637,,,722.0,Special other,1803,1960.0,28854.726,29184.506,14664.683,14519.823,24.478,100.998,18.355,800.766,27.366,659.561,2.26,30.67,1180.517,170.485,40.344,5.583,2.18,28.785,104.8,379.751,205.57,174.181,12.978,55.26,53.332,57.345,51.412,49.735,53.23,12.409,11.718,13.096,5.553,5.211,5.824,122.087,104.01,1093.162,176.639,153.28,255.464,273.022,237.613,410.39,444.544,373.319,169.323,190.237,147.882,287.16,321.424,250.247,-140.871,-4.814
Estimates,Small Island Developing States (SIDS),i,1637,,,722.0,Special other,1803,1961.0,29514.287,29847.106,14999.094,14848.012,25.034,101.018,18.276,814.312,27.212,665.638,2.23,31.083,1194.589,173.469,39.92,5.564,2.188,28.792,104.7,380.277,206.118,174.159,12.708,55.722,53.772,57.832,51.601,49.907,53.435,12.483,11.785,13.179,5.59,5.25,5.859,120.676,101.356,1108.223,174.449,148.992,249.769,267.433,231.765,404.102,438.572,366.767,166.853,187.809,145.376,283.656,318.079,246.675,-148.308,-4.956
Estimates,Small Island Developing States (SIDS),i,1637,,,722.0,Special other,1803,1962.0,30179.925,30515.767,15333.922,15181.845,25.595,101.002,18.192,833.767,27.246,671.684,2.201,31.492,1213.913,177.341,39.669,5.565,2.202,28.8,104.8,380.146,206.096,174.05,12.423,56.224,54.275,58.331,51.831,50.142,53.658,12.564,11.854,13.272,5.629,5.291,5.898,119.323,98.679,1128.248,172.293,144.675,243.532,260.718,226.0,397.04,431.399,359.973,163.673,184.045,142.841,279.305,313.447,242.795,-161.771,-5.286
Estimates,Small Island Developing States (SIDS),i,1637,,,722.0,Special other,1803,1963.0,30851.609,31186.167,15670.388,15515.779,26.157,100.996,18.104,849.089,27.142,669.117,2.146,32.299,1237.929,180.899,39.572,5.588,2.21,28.821,104.7,388.84,210.655,178.185,12.43,56.199,54.262,58.293,51.739,50.04,53.574,12.603,11.881,13.325,5.675,5.323,5.955,119.139,96.671,1152.182,172.942,142.573,244.635,261.803,227.097,398.985,433.011,362.432,166.402,186.861,145.509,282.138,316.141,245.949,-179.715,-5.745
Estimates,Small Island Developing States (SIDS),i,1637,,,722.0,Special other,1803,1964.0,31520.726,31849.993,16003.251,15846.742,26.714,100.988,18.013,860.586,26.931,658.534,2.068,33.518,1241.027,181.297,38.837,5.514,2.209,28.832,104.7,380.441,207.215,173.226,11.906,57.092,55.038,59.319,52.176,50.37,54.132,12.722,11.963,13.486,5.734,5.368,6.028,115.905,93.637,1157.564,166.979,136.606,233.25,251.218,214.847,385.576,421.857,346.633,159.711,181.412,137.556,273.304,309.443,234.921,-201.81,-6.315
Estimates,Small Island Developing States (SIDS),i,1637,,,722.0,Special other,1803,1965.0,32179.26,32508.04,16330.981,16177.059,27.266,100.951,17.928,858.056,26.313,657.56,2.023,34.263,1240.29,184.333,38.034,5.424,2.186,28.818,104.7,382.234,210.1,172.134,11.721,57.305,55.003,59.817,52.1,50.002,54.384,12.783,11.98,13.596,5.778,5.394,6.09,113.285,91.426,1158.714,163.16,132.865,231.891,253.91,209.226,384.151,425.294,339.829,162.632,189.848,134.709,275.282,317.092,230.747,-200.153,-6.138
Estimates,Small Island Developing States (SIDS),i,1637,,,722.0,Special other,1803,1966.0,32836.82,33170.017,16660.504,16509.513,27.821,100.915,17.863,862.451,25.922,666.394,2.009,34.502,1240.25,186.254,37.278,5.332,2.16,28.802,104.7,377.799,206.042,171.757,11.356,57.965,55.88,60.226,52.614,50.778,54.6,12.844,12.04,13.656,5.812,5.42,6.131,110.9,89.492,1160.326,159.79,129.772,222.041,239.37,204.264,372.659,409.138,333.783,152.804,173.76,131.508,264.692,300.802,226.663,-195.845,-5.887
Estimates,Small Island Developing States (SIDS),i,1637,,,722.0,Special other,1803,1967.0,33503.214,33838.052,16994.487,16843.565,28.381,100.896,17.822,856.339,25.238,669.676,1.979,35.025,1232.198,188.188,36.315,5.202,2.119,28.781,104.7,375.859,205.185,170.674,11.077,58.395,56.288,60.679,52.817,50.96,54.825,12.889,12.067,13.722,5.836,5.438,6.162,107.977,87.592,1154.426,155.346,126.451,216.372,233.509,198.774,366.194,402.907,327.166,149.374,170.127,128.32,260.516,296.759,222.461,-186.36,-5.492
Estimates,Small Island Developing States (SIDS),i,1637,,,722.0,Special other,1803,1968.0,34172.89,34506.207,17328.718,17177.488,28.942,100.88,17.809,851.704,24.617,666.634,1.932,35.877,1227.158,189.112,35.469,5.079,2.079,28.761,104.8,375.454,204.787,170.667,10.852,58.753,56.662,61.016,52.966,51.124,54.952,12.912,12.094,13.74,5.841,5.459,6.154,105.298,85.75,1151.259,151.27,123.403,211.513,228.291,194.272,360.865,397.166,322.388,146.629,166.861,126.143,257.331,293.048,219.948,-184.807,-5.342
Estimates,Small Island Developing States (SIDS),i,1637,,,722.0,Special other,1803,1969.0,34839.524,35165.332,17659.622,17505.71,29.494,100.879,17.823,851.69,24.151,651.615,1.853,37.407,1225.836,190.638,34.761,4.969,2.043,28.736,104.8,374.146,204.243,169.903,10.61,59.165,57.057,61.445,53.167,51.305,55.174,12.994,12.148,13.851,5.892,5.489,6.223,102.683,83.759,1151.679,147.15,120.227,206.68,223.211,189.683,355.059,391.273,316.755,143.893,163.804,123.754,253.708,289.255,216.592,-199.742,-5.664
Estimates,Small Island Developing States (SIDS),i,1637,,,722.0,Special other,1803,1970.0,35491.139,35831.753,17994.008,17837.745,30.053,100.876,17.867,853.309,23.757,681.229,1.901,36.462,1225.797,194.471,34.127,4.861,2.009,28.7,104.8,372.488,203.532,168.956,10.37,59.602,57.472,61.905,53.398,51.51,55.431,13.09,12.217,13.974,5.943,5.53,6.284,100.112,81.727,1153.363,143.117,117.095,201.617,217.963,184.795,348.864,385.129,310.576,140.793,160.457,120.91,249.65,285.182,212.633,-171.867,-4.785
Estimates,Small Island Developing States (SIDS),i,1637,,,722.0,Special other,1803,1971.0,36172.368,36507.507,18332.539,18174.967,30.62,100.867,17.948,859.794,23.489,670.277,1.836,37.753,1231.574,199.732,33.646,4.761,1.977,28.645,104.8,371.78,203.473,168.307,10.157,59.993,57.827,62.335,53.572,51.643,55.648,13.171,12.275,14.077,5.97,5.551,6.316,97.839,79.54,1160.681,139.525,113.893,197.056,213.49,180.133,343.629,380.418,304.856,138.593,158.462,118.492,246.746,282.808,209.253,-189.153,-5.168
Estimates,Small Island Developing States (SIDS),i,1637,,,722.0,Special other,1803,1972.0,36842.645,37172.026,18665.563,18506.464,31.178,100.86,18.066,859.013,23.046,658.763,1.772,39.117,1231.089,202.635,33.029,4.639,1.935,28.595,104.8,372.076,203.651,168.425,9.983,60.364,58.194,62.71,53.731,51.795,55.815,13.252,12.341,14.173,5.986,5.564,6.335,95.343,77.495,1162.025,135.692,110.771,192.806,209.005,176.123,338.805,375.474,300.244,136.714,156.282,116.911,244.204,280.093,206.979,-199.914,-5.364
Estimates,Small Island Developing States (SIDS),i,1637,,,722.0,Special other,1803,1973.0,37501.408,37824.399,18992.123,18832.276,31.725,100.849,18.217,850.394,22.423,645.982,1.708,40.582,1221.061,204.405,32.196,4.483,1.878,28.54,104.8,370.667,202.903,167.764,9.773,60.772,58.594,63.124,53.947,52.0,56.041,13.384,12.457,14.32,6.038,5.61,6.39,92.368,75.705,1154.166,131.244,107.841,188.721,204.729,172.226,333.592,370.132,295.256,134.668,153.999,115.09,241.072,276.786,204.12,-204.135,-5.382
Estimates,Small Island Developing States (SIDS),i,1637,,,722.0,Special other,1803,1974.0,38147.39,38474.955,19317.91,19157.046,32.27,100.84,18.388,835.618,21.668,655.131,1.703,40.702,1205.391,204.023,31.257,4.31,1.81,28.497,104.8,369.773,201.932,167.841,9.589,61.132,59.001,63.427,54.197,52.299,56.231,13.516,12.582,14.458,6.088,5.661,6.435,89.812,74.567,1140.423,127.573,105.904,185.239,200.26,169.764,328.633,363.901,291.787,131.936,149.925,113.737,237.237,271.509,201.936,-180.173,-4.672
Estimates,Small Island Developing States (SIDS),i,1637,,,722.0,Special other,1803,1975.0,38802.521,39129.447,19646.449,19482.998,32.819,100.839,18.573,808.553,20.624,653.852,1.671,41.481,1188.305,200.52,30.311,4.138,1.736,28.481,104.8,379.752,209.361,170.391,9.687,60.859,58.479,63.44,53.922,51.726,56.293,13.607,12.651,14.575,6.125,5.701,6.471,88.528,74.507,1124.472,126.409,106.065,191.109,210.687,170.867,335.597,376.18,292.87,139.392,163.785,114.484,244.716,285.266,202.581,-154.45,-3.94
Estimates,Small Island Developing States (SIDS),i,1637,,,722.0,Special other,1803,1976.0,39456.373,39782.473,19974.982,19807.49,33.367,100.846,18.768,803.876,20.169,652.2,1.639,42.291,1184.389,199.215,29.716,4.011,1.688,28.442,104.8,380.513,210.004,170.509,9.547,61.191,58.798,63.79,54.113,51.903,56.499,13.732,12.755,14.722,6.16,5.736,6.507,86.544,73.098,1122.043,123.264,103.923,187.887,207.188,167.923,331.436,372.024,288.778,137.674,161.85,112.994,242.108,282.586,200.129,-151.407,-3.799
Estimates,Small Island Developing States (SIDS),i,1637,,,722.0,Special other,1803,1977.0,40108.573,40430.856,20301.145,20129.711,33.911,100.852,18.971,792.009,19.556,644.566,1.594,43.485,1176.804,197.943,29.057,3.877,1.632,28.406,104.8,384.795,212.108,172.687,9.501,61.337,58.96,63.913,54.243,52.051,56.605,13.848,12.879,14.83,6.186,5.777,6.522,85.426,72.568,1115.336,121.92,103.384,187.19,206.243,167.486,329.946,370.103,287.824,137.107,161.071,112.643,240.788,280.772,199.404,-147.016,-3.63
Estimates,Small Island Developing States (SIDS),i,1637,,,722.0,Special other,1803,1978.0,40753.139,41071.699,20623.474,20448.225,34.448,100.857,19.185,778.917,18.935,637.12,1.551,44.69,1169.577,198.215,28.431,3.746,1.577,28.367,104.8,390.66,215.381,175.279,9.496,61.408,59.027,63.989,54.35,52.149,56.724,13.955,12.977,14.952,6.208,5.797,6.55,84.699,72.388,1108.63,121.303,103.441,187.402,206.318,167.854,329.471,369.524,287.509,136.866,160.89,112.328,239.914,279.836,198.635,-141.61,-3.442
Estimates,Small Island Developing States (SIDS),i,1637,,,722.0,Special other,1803,1979.0,41390.259,41687.711,20934.738,20752.973,34.965,100.876,19.412,784.332,18.772,594.904,1.427,48.574,1179.583,199.66,28.232,3.675,1.549,28.333,104.8,395.251,217.781,177.47,9.46,61.626,59.27,64.178,54.49,52.31,56.841,14.057,13.069,15.069,6.233,5.813,6.588,83.76,71.113,1119.146,119.719,101.792,185.669,203.997,166.745,326.853,366.089,285.825,135.907,159.306,112.018,238.099,277.156,197.784,-189.221,-4.529
Estimates,Small Island Developing States (SIDS),i,1637,,,722.0,Special other,1803,1980.0,41985.163,42292.226,21241.612,21050.613,35.472,100.907,19.65,794.94,18.756,614.125,1.452,47.737,1187.235,202.375,28.012,3.598,1.528,28.275,104.8,392.295,216.26,176.035,9.256,62.255,59.91,64.793,54.75,52.59,57.079,14.159,13.166,15.177,6.266,5.836,6.636,80.999,68.371,1128.524,114.264,96.935,178.317,196.271,159.782,318.193,356.838,277.834,132.575,155.414,109.245,233.447,271.65,194.048,-180.536,-4.26
Estimates,Small Island Developing States (SIDS),i,1637,,,722.0,Special other,1803,1981.0,42599.288,42920.461,21558.068,21362.394,35.999,100.916,19.894,805.214,18.725,642.347,1.497,46.302,1199.812,203.995,27.901,3.539,1.508,28.258,104.8,394.598,217.421,177.177,9.176,62.576,60.245,65.094,54.928,52.781,57.238,14.246,13.259,15.257,6.325,5.891,6.703,80.113,66.944,1141.591,112.552,94.75,174.902,192.66,156.566,313.877,352.123,273.966,130.537,153.156,107.412,230.661,268.404,191.758,-162.507,-3.779
Estimates,Small Island Developing States (SIDS),i,1637,,,722.0,Special other,1803,1982.0,43241.635,43579.307,21887.8,21691.507,36.552,100.905,20.142,838.431,19.198,675.344,1.55,44.719,1233.815,210.286,28.251,3.534,1.511,28.196,104.8,395.384,217.809,177.575,9.053,62.941,60.624,65.439,55.102,52.963,57.397,14.333,13.328,15.357,6.411,5.953,6.813,79.408,64.687,1175.805,111.265,91.867,170.966,188.328,153.037,309.072,346.66,269.923,128.562,150.65,105.976,227.912,264.949,189.808,-162.88,-3.73
Estimates,Small Island Developing States (SIDS),i,1637,,,722.0,Special other,1803,1983.0,43916.979,44263.825,22230.936,22032.89,37.126,100.899,20.392,852.753,19.228,693.693,1.567,44.234,1249.949,210.619,28.184,3.486,1.495,28.189,104.8,397.196,218.49,178.706,8.956,63.234,60.939,65.701,55.241,53.121,57.506,14.399,13.399,15.411,6.489,6.021,6.901,78.488,63.003,1192.59,109.937,89.547,167.791,184.996,150.024,305.147,342.134,266.677,126.927,148.682,104.663,225.649,262.023,188.271,-158.745,-3.579
Estimates,Small Island Developing States (SIDS),i,1637,,,722.0,Special other,1803,1984.0,44610.672,44962.217,22581.567,22380.65,37.712,100.898,20.648,862.365,19.145,703.089,1.564,44.319,1260.476,207.499,27.983,3.426,1.475,28.173,104.8,398.111,218.679,179.432,8.838,63.575,61.301,66.01,55.391,53.291,57.627,14.472,13.473,15.477,6.576,6.098,6.995,77.096,61.303,1204.074,107.781,86.791,163.997,180.877,146.569,300.68,337.043,262.904,125.167,146.458,103.358,223.261,258.948,186.626,-159.106,-3.532
Estimates,Small Island Developing States (SIDS),i,1637,,,722.0,Special other,1803,1985.0,45313.761,45671.668,22937.458,22734.211,38.307,100.894,20.908,875.976,19.145,715.814,1.567,44.234,1276.229,204.616,27.893,3.386,1.462,28.154,104.8,400.253,219.943,180.31,8.748,63.858,61.557,66.318,55.548,53.42,57.809,14.573,13.566,15.577,6.684,6.201,7.104,76.376,59.977,1220.243,106.816,84.855,161.333,178.495,143.604,297.144,333.8,259.034,123.767,145.411,101.554,221.11,257.067,184.163,-159.984,-3.497
Estimates,Small Island Developing States (SIDS),i,1637,,,722.0,Special other,1803,1986.0,46029.575,46388.88,23296.174,23092.707,38.908,100.881,21.164,882.949,18.999,718.61,1.549,44.748,1284.316,203.558,27.636,3.329,1.442,28.129,104.9,401.367,220.848,180.519,8.637,64.175,61.831,66.68,55.729,53.558,58.033,14.704,13.687,15.713,6.811,6.322,7.233,75.296,58.727,1229.086,105.209,82.817,158.601,176.219,140.386,293.429,330.619,254.702,122.496,144.718,99.648,218.924,255.38,181.401,-163.969,-3.528
Estimates,Small Island Developing States (SIDS),i,1637,,,722.0,Special other,1803,1987.0,46748.185,47111.973,23657.421,23454.552,39.515,100.865,21.416,904.219,19.156,727.576,1.544,44.893,1306.331,205.144,27.674,3.312,1.439,28.091,104.9,402.112,221.345,180.767,8.518,64.556,62.194,67.079,55.919,53.726,58.244,14.833,13.795,15.857,6.933,6.432,7.364,74.133,56.88,1251.783,103.266,80.067,155.052,172.633,136.868,288.857,325.969,250.182,121.081,143.331,98.186,216.495,252.846,179.045,-176.426,-3.737
Estimates,Small Island Developing States (SIDS),i,1637,,,722.0,Special other,1803,1988.0,47475.761,47847.395,24025.228,23822.167,40.131,100.852,21.663,928.045,19.355,743.267,1.553,44.633,1333.087,205.277,27.803,3.314,1.443,28.086,105.1,405.042,222.941,182.101,8.448,64.852,62.473,67.389,56.049,53.833,58.395,14.926,13.878,15.954,7.026,6.526,7.453,73.281,55.136,1279.011,101.934,77.688,152.204,169.835,133.958,285.461,322.689,246.615,120.169,142.654,97.017,214.944,251.434,177.299,-184.414,-3.846
Estimates,Small Island Developing States (SIDS),i,1637,,,722.0,Special other,1803,1989.0,48219.028,48598.938,24401.36,24197.578,40.762,100.842,21.904,939.391,19.292,759.821,1.563,44.347,1342.777,207.187,27.576,3.275,1.429,28.034,105.1,403.386,220.298,183.088,8.284,65.336,63.111,67.695,56.422,54.375,58.575,15.02,13.946,16.069,7.109,6.587,7.555,72.194,53.877,1289.446,100.26,75.69,146.201,160.473,131.464,277.663,311.241,242.836,114.415,132.778,95.605,208.172,240.619,174.925,-179.401,-3.684
Estimates,Small Island Developing States (SIDS),i,1637,,,722.0,Special other,1803,1990.0,48978.849,49385.404,24795.348,24590.055,41.421,100.835,22.143,948.058,19.169,813.109,1.646,42.111,1355.239,205.033,27.402,3.25,1.422,28.026,105.2,407.181,222.138,185.043,8.233,65.572,63.353,67.922,56.507,54.461,58.655,15.067,13.984,16.119,7.149,6.615,7.604,70.816,52.355,1302.846,98.308,73.475,143.773,157.823,129.256,274.604,307.945,240.002,113.771,132.038,95.057,206.772,238.998,173.726,-134.63,-2.722
Estimates,Small Island Developing States (SIDS),i,1637,,,722.0,Special other,1803,1991.0,49791.958,50216.323,25211.943,25004.38,42.118,100.83,22.378,922.634,18.361,848.73,1.69,41.015,1332.505,196.049,26.518,3.149,1.381,28.014,105.2,409.871,224.419,185.452,8.157,65.79,63.482,68.24,56.623,54.489,58.869,15.109,13.979,16.207,7.176,6.6,7.667,68.836,51.569,1281.536,95.763,72.02,141.631,156.365,126.388,271.305,305.924,235.273,112.559,131.788,92.828,204.554,238.039,170.108,-73.659,-1.466
Estimates,Small Island Developing States (SIDS),i,1637,,,722.0,Special other,1803,1992.0,50640.688,51071.353,25641.229,25430.125,42.835,100.83,22.605,916.833,17.944,861.331,1.687,41.088,1329.491,194.566,26.02,3.097,1.361,27.971,105.2,412.658,225.685,186.973,8.076,66.047,63.742,68.49,56.734,54.604,58.974,15.118,13.974,16.226,7.174,6.572,7.686,67.038,50.383,1279.507,93.056,70.006,138.582,153.039,123.623,267.065,301.436,231.282,110.885,129.829,91.457,201.864,235.043,167.712,-55.196,-1.08
Estimates,Small Island Developing States (SIDS),i,1637,,,722.0,Special other,1803,1993.0,51502.019,51926.567,26071.23,25855.337,43.553,100.835,22.829,911.251,17.54,849.095,1.635,42.394,1326.499,192.359,25.532,3.05,1.344,27.94,105.2,415.248,227.535,187.713,7.992,66.299,63.958,68.787,56.856,54.685,59.146,15.138,13.946,16.297,7.178,6.52,7.743,65.397,49.275,1277.465,90.558,68.224,135.74,150.085,120.892,262.91,297.481,226.891,109.179,128.136,89.739,199.093,232.478,164.688,-61.86,-1.191
Estimates,Small Island Developing States (SIDS),i,1637,,,722.0,Special other,1803,1994.0,52351.114,52769.514,26498.719,26270.795,44.26,100.868,23.062,900.877,17.063,836.801,1.586,43.704,1320.643,189.888,25.013,3.002,1.324,27.925,105.3,419.766,229.816,189.95,7.95,66.453,64.111,68.941,56.929,54.749,59.226,15.138,13.931,16.307,7.172,6.494,7.753,63.951,48.396,1272.497,88.599,66.99,133.914,148.03,119.293,260.197,294.699,224.236,108.014,126.855,88.695,197.214,230.588,162.795,-63.802,-1.208
Estimates,Small Island Developing States (SIDS),i,1637,,,722.0,Special other,1803,1995.0,53187.915,53604.834,26926.369,26678.466,44.96,100.929,23.302,900.177,16.782,833.839,1.556,44.547,1321.965,186.481,24.646,2.976,1.316,27.916,105.5,421.788,231.036,190.752,7.864,66.783,64.421,69.293,57.109,54.907,59.43,15.207,13.995,16.378,7.218,6.537,7.798,62.324,47.144,1274.745,86.073,65.137,130.508,144.677,115.807,255.414,290.212,219.074,105.996,125.006,86.479,194.1,227.773,159.296,-66.084,-1.232
Estimates,Small Island Developing States (SIDS),i,1637,,,722.0,Special other,1803,1996.0,54021.754,54441.734,27355.021,27086.714,45.662,100.991,23.54,884.305,16.238,839.961,1.543,44.922,1308.054,184.179,24.019,2.919,1.293,27.889,105.5,423.749,232.596,191.153,7.781,67.053,64.644,69.618,57.274,55.02,59.657,15.308,14.071,16.5,7.302,6.609,7.888,60.652,46.33,1261.914,83.604,63.778,128.148,142.504,113.228,252.105,287.555,214.998,104.673,124.079,84.718,191.992,226.355,156.379,-44.098,-0.81
Estimates,Small Island Developing States (SIDS),i,1637,,,722.0,Special other,1803,1997.0,54861.715,55280.401,27784.612,27495.788,46.366,101.05,23.776,896.221,16.203,837.372,1.515,45.752,1323.606,185.953,23.93,2.926,1.299,27.859,105.5,427.385,234.106,193.279,7.727,67.299,64.914,69.833,57.391,55.153,59.751,15.406,14.188,16.574,7.388,6.714,7.951,59.347,44.887,1278.139,81.679,61.921,126.12,140.205,111.469,249.651,284.759,212.872,104.179,123.364,84.431,191.029,225.119,155.652,-58.446,-1.057
Estimates,Small Island Developing States (SIDS),i,1637,,,722.0,Special other,1803,1998.0,55699.087,56111.817,28209.926,27901.891,47.063,101.104,24.013,876.332,15.611,825.459,1.471,47.121,1307.988,185.219,23.301,2.867,1.274,27.834,105.4,431.656,237.093,194.563,7.69,67.448,65.003,70.053,57.508,55.202,59.946,15.538,14.305,16.719,7.495,6.822,8.052,58.123,44.418,1263.392,80.162,61.259,125.931,140.653,110.59,248.759,284.811,210.881,104.286,124.307,83.624,190.557,225.683,153.982,-50.793,-0.905
Estimates,Small Island Developing States (SIDS),i,1637,,,722.0,Special other,1803,1999.0,56524.546,56931.601,28628.234,28303.367,47.751,101.148,24.247,878.816,15.427,814.111,1.43,48.472,1311.912,188.387,23.03,2.85,1.272,27.787,105.3,433.096,238.298,194.798,7.603,67.788,65.306,70.433,57.711,55.372,60.185,15.65,14.425,16.821,7.574,6.914,8.119,56.924,43.42,1267.968,78.193,59.712,122.886,138.121,106.982,244.57,281.243,205.957,102.513,123.067,81.259,187.967,223.66,150.713,-64.409,-1.131
Estimates,Small Island Developing States (SIDS),i,1637,,,722.0,Special other,1803,2000.0,57338.657,57722.558,29030.144,28692.413,48.414,101.177,24.467,891.562,15.429,767.801,1.33,52.116,1319.552,189.773,22.835,2.843,1.276,27.809,105.3,427.99,235.191,192.799,7.406,68.453,66.015,71.046,58.081,55.8,60.49,15.809,14.575,16.989,7.664,6.999,8.214,54.457,41.348,1276.977,73.487,55.983,116.057,130.002,101.505,235.638,270.93,198.556,98.407,117.253,78.95,182.359,216.402,146.906,-123.483,-2.137
Estimates,Small Island Developing States (SIDS),i,1637,,,722.0,Special other,1803,2001.0,58106.458,58474.299,29409.847,29064.452,49.045,101.188,24.665,867.416,14.819,735.682,1.258,55.099,1299.994,189.662,22.209,2.78,1.249,27.808,105.2,432.578,237.899,194.679,7.39,68.634,66.191,71.234,58.192,55.908,60.607,15.899,14.654,17.093,7.713,7.038,8.273,53.074,40.769,1258.44,71.518,54.95,114.968,128.706,100.63,233.716,268.861,196.803,97.914,116.496,78.73,181.243,215.102,145.993,-131.539,-2.247
Estimates,Small Island Developing States (SIDS),i,1637,,,722.0,Special other,1803,2002.0,58842.14,59206.676,29773.718,29432.958,49.659,101.158,24.851,868.411,14.651,729.072,1.231,56.308,1305.753,189.213,22.029,2.773,1.248,27.857,105.2,437.342,241.159,196.183,7.378,68.857,66.382,71.498,58.311,55.993,60.769,15.975,14.701,17.204,7.74,7.045,8.322,51.898,39.734,1264.902,69.801,53.491,113.125,126.717,98.938,231.001,266.439,193.792,97.028,115.587,77.869,179.712,213.859,144.172,-139.092,-2.347
Estimates,Small Island Developing States (SIDS),i,1637,,,722.0,Special other,1803,2003.0,59571.212,59941.763,30137.288,29804.475,50.275,101.117,25.036,859.496,14.325,741.102,1.236,56.08,1300.611,187.983,21.677,2.738,1.234,27.876,105.2,441.115,243.412,197.703,7.352,69.081,66.609,71.722,58.444,56.11,60.922,16.02,14.725,17.276,7.739,7.023,8.342,50.827,39.082,1260.431,68.13,52.394,110.897,124.06,97.175,227.692,262.875,190.828,95.407,113.737,76.501,177.421,211.491,142.021,-118.232,-1.971
Estimates,Small Island Developing States (SIDS),i,1637,,,722.0,Special other,1803,2004.0,60312.314,60687.965,30512.11,30175.856,50.901,101.114,25.221,845.138,13.916,751.303,1.238,55.989,1295.718,186.582,21.335,2.701,1.214,27.863,105.2,450.58,248.596,201.984,7.419,69.006,66.537,71.647,58.504,56.147,61.01,16.088,14.759,17.38,7.771,7.022,8.402,51.101,39.429,1255.419,69.329,53.483,113.106,125.83,99.85,228.809,263.623,192.381,95.478,113.616,76.771,176.943,210.93,141.658,-93.611,-1.541
Estimates,Small Island Developing States (SIDS),i,1637,,,722.0,Special other,1803,2005.0,61063.617,61474.395,30915.175,30559.221,51.561,101.165,25.411,844.751,13.74,821.557,1.336,51.882,1291.387,185.716,21.004,2.664,1.204,27.866,105.3,446.636,247.592,199.044,7.264,69.573,67.021,72.308,58.808,56.396,61.379,16.198,14.822,17.54,7.816,7.035,8.473,49.022,37.959,1252.348,65.357,50.618,107.241,120.226,93.688,220.814,256.222,183.743,91.918,109.976,73.283,171.941,206.14,136.444,-22.962,-0.373
Estimates,Small Island Developing States (SIDS),i,1637,,,722.0,Special other,1803,2006.0,61885.174,62339.31,31370.351,30968.96,52.286,101.296,25.613,834.697,13.398,908.273,1.457,47.574,1284.914,185.166,20.625,2.621,1.187,27.898,105.3,450.217,249.43,200.787,7.227,69.816,67.27,72.544,58.974,56.57,61.532,16.263,14.877,17.613,7.854,7.064,8.511,48.092,37.392,1246.514,63.816,49.613,105.058,117.781,91.756,217.274,252.146,180.749,90.035,107.585,71.892,169.274,202.853,134.403,73.811,1.185
Estimates,Small Island Developing States (SIDS),i,1637,,,722.0,Special other,1803,2007.0,62793.447,63245.048,31853.202,31391.846,53.046,101.47,25.831,835.021,13.211,903.202,1.428,48.54,1289.35,186.343,20.399,2.597,1.177,27.926,105.3,454.329,251.776,202.553,7.188,70.066,67.523,72.79,59.16,56.761,61.715,16.345,14.941,17.713,7.911,7.109,8.574,47.395,36.739,1251.369,62.765,48.679,102.986,115.337,90.044,213.724,247.995,177.771,88.04,104.984,70.471,166.42,199.343,132.166,68.312,1.081
Estimates,Small Island Developing States (SIDS),i,1637,,,722.0,Special other,1803,2008.0,63696.649,64148.83,32334.5,31814.331,53.804,101.635,26.063,850.402,13.262,904.363,1.41,49.159,1308.923,189.666,20.412,2.601,1.182,27.921,105.3,458.521,254.76,203.761,7.15,70.348,67.762,73.126,59.354,56.914,61.958,16.413,15.003,17.786,7.959,7.163,8.609,46.826,35.822,1271.189,61.871,47.512,100.237,113.036,86.781,209.561,244.451,172.834,85.653,103.033,67.551,163.228,196.715,128.262,54.187,0.845
Estimates,Small Island Developing States (SIDS),i,1637,,,722.0,Special other,1803,2009.0,64601.012,65055.634,32816.029,32239.605,54.565,101.788,26.314,862.349,13.259,909.244,1.398,49.581,1323.928,189.717,20.356,2.598,1.183,27.936,105.3,461.579,257.103,204.476,7.097,70.67,68.053,73.484,59.575,57.106,62.215,16.522,15.088,17.919,8.035,7.233,8.688,46.21,34.978,1286.479,60.703,46.232,97.616,110.366,84.183,205.21,240.188,168.312,83.615,100.897,65.557,160.011,193.544,124.913,47.194,0.726
Estimates,Small Island Developing States (SIDS),i,1637,,,722.0,Special other,1803,2010.0,65510.256,65870.84,33244.207,32626.632,55.248,101.893,26.561,771.862,11.713,721.167,1.095,63.301,1327.869,190.3,20.15,2.574,1.122,27.929,105.3,556.007,299.899,256.108,8.437,67.193,65.186,69.319,57.534,55.53,59.651,16.233,14.896,17.525,8.029,7.258,8.653,50.281,37.916,1288.096,74.384,56.46,142.686,149.024,136.071,260.05,286.39,232.607,115.066,126.737,102.956,198.141,224.948,170.322,-50.519,-0.767
Estimates,Small Island Developing States (SIDS),i,1637,,,722.0,Special other,1803,2011.0,66231.423,66614.452,33623.715,32990.738,55.872,101.919,26.788,866.348,12.995,766.059,1.15,60.274,1338.13,189.063,20.071,2.57,1.173,27.96,105.3,471.782,263.307,208.475,7.076,71.096,68.451,73.943,59.902,57.408,62.571,16.742,15.315,18.125,8.196,7.425,8.816,45.156,33.817,1301.247,59.253,44.682,95.183,108.215,81.408,200.325,235.587,162.967,81.695,99.223,63.29,156.255,190.009,120.754,-100.156,-1.502
Estimates,Small Island Developing States (SIDS),i,1637,,,722.0,Special other,1803,2012.0,66997.482,67397.005,34021.608,33375.397,56.528,101.936,27.017,858.763,12.736,799.046,1.186,58.444,1333.642,184.909,19.779,2.54,1.162,28.004,105.3,474.879,264.665,210.214,7.043,71.396,68.77,74.216,60.098,57.628,62.733,16.844,15.445,18.194,8.262,7.523,8.854,44.201,33.148,1297.442,57.642,43.428,92.604,105.576,78.885,196.469,231.446,159.414,80.05,97.392,61.834,153.611,187.002,118.493,-59.604,-0.884
Estimates,Small Island Developing States (SIDS),i,1637,,,722.0,Special other,1803,2013.0,67796.528,68192.572,34423.723,33768.849,57.196,101.939,27.263,846.376,12.406,792.088,1.162,59.651,1326.148,178.564,19.439,2.505,1.148,28.052,105.3,479.772,267.474,212.298,7.033,71.595,68.952,74.43,60.224,57.743,62.87,16.928,15.535,18.267,8.327,7.601,8.904,43.282,32.637,1290.557,56.288,42.535,91.095,104.207,77.202,194.271,229.506,156.889,79.356,96.855,60.945,152.262,185.849,116.885,-54.134,-0.794
Estimates,Small Island Developing States (SIDS),i,1637,,,722.0,Special other,1803,2014.0,68588.616,68979.527,34813.798,34165.728,57.856,101.897,27.513,839.373,12.163,781.821,1.133,61.178,1326.361,172.713,19.22,2.484,1.14,28.117,105.2,486.988,271.653,215.335,7.057,71.756,69.098,74.608,60.308,57.813,62.969,16.963,15.57,18.302,8.358,7.637,8.929,42.473,32.045,1291.272,55.086,41.624,89.451,102.66,75.452,192.237,227.697,154.582,78.669,96.327,60.083,151.127,184.919,115.499,-57.391,-0.832
Estimates,Small Island Developing States (SIDS),i,1637,,,722.0,Special other,1803,2015.0,69370.437,69737.593,35193.522,34544.071,58.492,101.88,27.769,831.973,11.921,734.312,1.053,65.826,1326.14,168.578,19.002,2.463,1.132,28.166,105.3,494.167,276.78,217.387,7.081,71.923,69.204,74.849,60.4,57.844,63.134,17.002,15.573,18.378,8.397,7.65,8.991,41.65,31.437,1291.592,53.865,40.737,87.689,101.214,73.349,190.113,226.317,151.613,77.815,95.964,58.69,149.867,184.386,113.417,-97.48,-1.397
Estimates,Small Island Developing States (SIDS),i,1637,,,722.0,Special other,1803,2016.0,70104.749,70454.39,35556.105,34898.285,59.093,101.885,28.035,802.565,11.383,699.283,0.993,69.803,1305.64,163.954,18.519,2.408,1.108,28.178,105.2,503.075,282.503,220.572,7.136,72.004,69.247,74.976,60.448,57.854,63.229,17.023,15.553,18.444,8.427,7.644,9.053,40.808,31.204,1271.764,52.758,40.308,86.791,100.297,72.451,189.084,225.405,150.429,77.376,95.503,58.24,149.221,183.842,112.631,-103.349,-1.466
Estimates,Small Island Developing States (SIDS),i,1637,,,722.0,Special other,1803,2017.0,70804.032,71143.828,35903.425,35240.403,59.671,101.881,28.311,783.483,11.006,679.592,0.955,72.581,1295.36,160.838,18.196,2.375,1.094,28.201,105.2,511.877,287.304,224.573,7.19,72.128,69.38,75.09,60.497,57.912,63.268,17.038,15.544,18.483,8.453,7.643,9.103,39.815,30.672,1262.181,51.276,39.422,85.149,98.261,71.218,187.371,223.005,149.472,76.647,94.172,58.133,148.369,182.263,112.571,-103.567,-1.455
Estimates,Small Island Developing States (SIDS),i,1637,,,722.0,Special other,1803,2018.0,71483.624,71869.588,36267.971,35601.616,60.28,101.872,28.591,767.575,10.682,771.928,1.074,64.539,1289.69,157.645,17.947,2.352,1.085,28.245,105.2,522.115,293.42,228.695,7.265,72.218,69.442,75.214,60.508,57.891,63.317,17.051,15.536,18.517,8.47,7.654,9.123,38.861,30.079,1257.176,49.857,38.501,83.969,97.13,69.971,186.321,222.235,148.097,76.505,94.188,57.789,148.236,182.447,112.071,4.422,0.062
Estimates,Small Island Developing States (SIDS),i,1637,,,722.0,Special other,1803,2019.0,72255.552,72558.35,36601.881,35956.469,60.857,101.795,28.873,754.834,10.393,605.596,0.835,83.012,1284.929,153.888,17.692,2.327,1.074,28.275,105.2,530.095,298.187,231.908,7.299,72.378,69.559,75.418,60.607,57.95,63.458,17.142,15.623,18.608,8.556,7.759,9.187,38.026,29.536,1253.006,48.691,37.731,82.724,96.273,68.288,184.975,221.531,146.021,75.936,94.08,56.689,147.614,182.444,110.749,-149.096,-2.053
Estimates,Small Island Developing States (SIDS),i,1637,,,722.0,Special other,1803,2020.0,72861.148,73173.242,36886.755,36286.486,61.373,101.654,29.166,723.023,9.875,624.188,0.853,81.26,1276.904,146.824,17.44,2.305,1.066,28.334,105.2,553.881,313.746,240.135,7.565,72.2,69.292,75.369,60.329,57.573,63.321,16.896,15.261,18.507,8.266,7.343,9.024,37.075,28.962,1245.688,47.241,36.797,81.431,94.792,67.208,186.103,223.508,146.258,76.921,95.424,57.308,149.872,185.652,112.011,-98.658,-1.348
Estimates,Small Island Developing States (SIDS),i,1637,,,722.0,Special other,1803,2021.0,73485.336,73767.221,37162.507,36604.715,61.871,101.524,29.444,634.676,8.6,563.77,0.764,90.726,1267.804,143.074,17.179,2.279,1.053,28.346,105.2,633.128,355.186,277.942,8.579,70.814,68.041,73.861,58.861,56.236,61.736,15.762,14.209,17.318,7.524,6.595,8.312,36.063,28.414,1237.315,46.067,36.168,82.958,96.235,68.834,200.013,238.359,159.141,82.645,101.501,62.662,164.593,201.464,125.549,-70.673,-0.958
